model,safety_stock_weeks,unmet_units,stockout_product_weeks,fill_rate_percent,average_closing_stock_per_product
last_week,0.0,29678,58,79.60134717162691,745.3041666666667
moving_average_4,0.0,38197,76,73.74596192178157,307.90416666666664
random_forest,0.0,38068,66,73.83462780947144,312.22083333333336
last_week,0.5,22783,43,84.34050450202763,877.1416666666667
moving_average_4,0.5,27838,52,80.86603890301738,432.40416666666664
random_forest,0.5,28933,48,80.11340985634752,450.9916666666667
last_week,1.0,16522,33,88.6438930510688,1017.225
moving_average_4,1.0,19653,38,86.49185511031686,578.725
random_forest,1.0,21287,41,85.3687538662451,610.1916666666667
last_week,2.0,6837,13,95.3007079524366,1351.8875
moving_average_4,2.0,9817,21,93.2524572135542,939.9291666666667
random_forest,2.0,10642,17,92.68540793181661,972.5583333333333
