StockCode,week_start,model,forecast,demand,opening_stock,received,order_quantity,fulfilled,unmet_units,closing_stock,outstanding_units
15036,2011-09-12,last_week,215.0,64,1173,0,0,64,0,1109,0
15036,2011-09-19,last_week,64.0,93,1109,0,0,93,0,1016,0
15036,2011-09-26,last_week,93.0,30,1016,0,0,30,0,986,0
15036,2011-10-03,last_week,30.0,721,986,0,0,721,0,265,0
15036,2011-10-10,last_week,721.0,224,265,0,1471,224,0,41,1471
15036,2011-10-17,last_week,224.0,194,41,1471,0,194,0,1318,0
15036,2011-10-24,last_week,194.0,101,1318,0,0,101,0,1217,0
15036,2011-10-31,last_week,101.0,83,1217,0,0,83,0,1134,0
15036,2011-11-07,last_week,83.0,107,1134,0,0,107,0,1027,0
15036,2011-11-14,last_week,107.0,104,1027,0,0,104,0,923,0
15036,2011-11-21,last_week,104.0,237,923,0,0,237,0,686,0
15036,2011-11-28,last_week,237.0,143,686,0,82,143,0,543,82
17003,2011-09-12,last_week,180.0,109,901,0,0,109,0,792,0
17003,2011-09-19,last_week,109.0,857,792,0,0,792,65,0,0
17003,2011-09-26,last_week,857.0,931,0,0,1940,0,931,0,1940
17003,2011-10-03,last_week,931.0,376,0,1940,148,376,0,1564,148
17003,2011-10-10,last_week,376.0,72,1564,148,0,72,0,1640,0
17003,2011-10-17,last_week,72.0,204,1640,0,0,204,0,1436,0
17003,2011-10-24,last_week,204.0,1684,1436,0,0,1436,248,0,0
17003,2011-10-31,last_week,1684.0,100,0,0,3594,0,100,0,3594
17003,2011-11-07,last_week,100.0,109,0,3594,0,109,0,3485,0
17003,2011-11-14,last_week,109.0,315,3485,0,0,315,0,3170,0
17003,2011-11-21,last_week,315.0,474,3170,0,0,474,0,2696,0
17003,2011-11-28,last_week,474.0,130,2696,0,0,130,0,2566,0
20725,2011-09-12,last_week,524.0,329,665,0,550,329,0,336,550
20725,2011-09-19,last_week,329.0,492,336,550,0,492,0,394,0
20725,2011-09-26,last_week,492.0,318,394,0,757,318,0,76,757
20725,2011-10-03,last_week,318.0,322,76,757,0,322,0,511,0
20725,2011-10-10,last_week,322.0,443,511,0,300,443,0,68,300
20725,2011-10-17,last_week,443.0,276,68,300,685,276,0,92,685
20725,2011-10-24,last_week,276.0,314,92,685,0,314,0,463,0
20725,2011-10-31,last_week,314.0,323,463,0,332,323,0,140,332
20725,2011-11-07,last_week,323.0,556,140,332,341,472,84,0,341
20725,2011-11-14,last_week,556.0,650,0,341,938,341,309,0,938
20725,2011-11-21,last_week,650.0,276,0,938,529,276,0,662,529
20725,2011-11-28,last_week,276.0,331,662,529,0,331,0,860,0
21212,2011-09-12,last_week,712.0,955,1402,0,373,955,0,447,373
21212,2011-09-19,last_week,955.0,1028,447,373,1441,820,208,0,1441
21212,2011-09-26,last_week,1028.0,359,0,1441,966,359,0,1082,966
21212,2011-10-03,last_week,359.0,477,1082,966,0,477,0,1571,0
21212,2011-10-10,last_week,477.0,499,1571,0,0,499,0,1072,0
21212,2011-10-17,last_week,499.0,507,1072,0,277,507,0,565,277
21212,2011-10-24,last_week,507.0,521,565,277,523,521,0,321,523
21212,2011-10-31,last_week,521.0,1042,321,523,549,844,198,0,549
21212,2011-11-07,last_week,1042.0,362,0,549,1886,362,0,187,1886
21212,2011-11-14,last_week,362.0,590,187,1886,0,590,0,1483,0
21212,2011-11-21,last_week,590.0,342,1483,0,48,342,0,1141,48
21212,2011-11-28,last_week,342.0,546,1141,48,0,546,0,643,0
21977,2011-09-12,last_week,664.0,790,922,0,637,790,0,132,637
21977,2011-09-19,last_week,790.0,402,132,637,1042,402,0,367,1042
21977,2011-09-26,last_week,402.0,213,367,1042,0,213,0,1196,0
21977,2011-10-03,last_week,213.0,877,1196,0,0,877,0,319,0
21977,2011-10-10,last_week,877.0,270,319,0,1666,270,0,49,1666
21977,2011-10-17,last_week,270.0,118,49,1666,0,118,0,1597,0
21977,2011-10-24,last_week,118.0,98,1597,0,0,98,0,1499,0
21977,2011-10-31,last_week,98.0,158,1499,0,0,158,0,1341,0
21977,2011-11-07,last_week,158.0,303,1341,0,0,303,0,1038,0
21977,2011-11-14,last_week,303.0,415,1038,0,0,415,0,623,0
21977,2011-11-21,last_week,415.0,392,623,0,438,392,0,231,438
21977,2011-11-28,last_week,392.0,239,231,438,346,239,0,430,346
22178,2011-09-12,last_week,230.0,248,870,0,0,248,0,622,0
22178,2011-09-19,last_week,248.0,425,622,0,92,425,0,197,92
22178,2011-09-26,last_week,425.0,90,197,92,779,90,0,199,779
22178,2011-10-03,last_week,90.0,1483,199,779,0,978,505,0,0
22178,2011-10-10,last_week,1483.0,303,0,0,3184,0,303,0,3184
22178,2011-10-17,last_week,303.0,211,0,3184,0,211,0,2973,0
22178,2011-10-24,last_week,211.0,1246,2973,0,0,1246,0,1727,0
22178,2011-10-31,last_week,1246.0,359,1727,0,983,359,0,1368,983
22178,2011-11-07,last_week,359.0,288,1368,983,0,288,0,2063,0
22178,2011-11-14,last_week,288.0,449,2063,0,0,449,0,1614,0
22178,2011-11-21,last_week,449.0,373,1614,0,0,373,0,1241,0
22178,2011-11-28,last_week,373.0,755,1241,0,0,755,0,486,0
22197,2011-09-12,last_week,516.0,570,1324,0,39,570,0,754,39
22197,2011-09-19,last_week,570.0,682,754,39,678,682,0,111,678
22197,2011-09-26,last_week,682.0,1675,111,678,906,789,886,0,906
22197,2011-10-03,last_week,1675.0,835,0,906,2775,835,0,71,2775
22197,2011-10-10,last_week,835.0,884,71,2775,0,884,0,1962,0
22197,2011-10-17,last_week,884.0,1164,1962,0,137,1164,0,798,137
22197,2011-10-24,last_week,1164.0,2775,798,137,1724,935,1840,0,1724
22197,2011-10-31,last_week,2775.0,1156,0,1724,4157,1156,0,568,4157
22197,2011-11-07,last_week,1156.0,3900,568,4157,0,3900,0,825,0
22197,2011-11-14,last_week,3900.0,3145,825,0,7306,825,2320,0,7306
22197,2011-11-21,last_week,3145.0,2955,0,7306,0,2955,0,4351,0
22197,2011-11-28,last_week,2955.0,3275,4351,0,1890,3275,0,1076,1890
22386,2011-09-12,last_week,657.0,478,647,0,829,478,0,169,829
22386,2011-09-19,last_week,478.0,809,169,829,120,809,0,189,120
22386,2011-09-26,last_week,809.0,665,189,120,1471,309,356,0,1471
22386,2011-10-03,last_week,665.0,1649,0,1471,21,1471,178,0,21
22386,2011-10-10,last_week,1649.0,437,0,21,3439,21,416,0,3439
22386,2011-10-17,last_week,437.0,334,0,3439,0,334,0,3105,0
22386,2011-10-24,last_week,334.0,743,3105,0,0,743,0,2362,0
22386,2011-10-31,last_week,743.0,313,2362,0,0,313,0,2049,0
22386,2011-11-07,last_week,313.0,516,2049,0,0,516,0,1533,0
22386,2011-11-14,last_week,516.0,522,1533,0,0,522,0,1011,0
22386,2011-11-21,last_week,522.0,253,1011,0,195,253,0,758,195
22386,2011-11-28,last_week,253.0,436,758,195,0,436,0,517,0
22469,2011-09-12,last_week,237.0,359,674,0,0,359,0,315,0
22469,2011-09-19,last_week,359.0,1055,315,0,572,315,740,0,572
22469,2011-09-26,last_week,1055.0,226,0,572,1707,226,0,346,1707
22469,2011-10-03,last_week,226.0,255,346,1707,0,255,0,1798,0
22469,2011-10-10,last_week,255.0,100,1798,0,0,100,0,1698,0
22469,2011-10-17,last_week,100.0,336,1698,0,0,336,0,1362,0
22469,2011-10-24,last_week,336.0,383,1362,0,0,383,0,979,0
22469,2011-10-31,last_week,383.0,1042,979,0,0,979,63,0,0
22469,2011-11-07,last_week,1042.0,305,0,0,2253,0,305,0,2253
22469,2011-11-14,last_week,305.0,361,0,2253,0,361,0,1892,0
22469,2011-11-21,last_week,361.0,213,1892,0,0,213,0,1679,0
22469,2011-11-28,last_week,213.0,809,1679,0,0,809,0,870,0
22492,2011-09-12,last_week,192.0,937,867,0,0,867,70,0,0
22492,2011-09-19,last_week,937.0,334,0,0,2091,0,334,0,2091
22492,2011-09-26,last_week,334.0,576,0,2091,0,576,0,1515,0
22492,2011-10-03,last_week,576.0,760,1515,0,0,760,0,755,0
22492,2011-10-10,last_week,760.0,257,755,0,982,257,0,498,982
22492,2011-10-17,last_week,257.0,1334,498,982,0,1334,0,146,0
22492,2011-10-24,last_week,1334.0,792,146,0,2739,146,646,0,2739
22492,2011-10-31,last_week,792.0,226,0,2739,0,226,0,2513,0
22492,2011-11-07,last_week,226.0,1724,2513,0,0,1724,0,789,0
22492,2011-11-14,last_week,1724.0,679,789,0,2876,679,0,110,2876
22492,2011-11-21,last_week,679.0,402,110,2876,0,402,0,2584,0
22492,2011-11-28,last_week,402.0,301,2584,0,0,301,0,2283,0
22616,2011-09-12,last_week,76.0,200,944,0,0,200,0,744,0
22616,2011-09-19,last_week,200.0,291,744,0,0,291,0,453,0
22616,2011-09-26,last_week,291.0,577,453,0,365,453,124,0,365
22616,2011-10-03,last_week,577.0,525,0,365,1025,365,160,0,1025
22616,2011-10-10,last_week,525.0,65,0,1025,261,65,0,960,261
22616,2011-10-17,last_week,65.0,666,960,261,0,666,0,555,0
22616,2011-10-24,last_week,666.0,293,555,0,1013,293,0,262,1013
22616,2011-10-31,last_week,293.0,702,262,1013,0,702,0,573,0
22616,2011-11-07,last_week,702.0,254,573,0,1067,254,0,319,1067
22616,2011-11-14,last_week,254.0,1351,319,1067,0,1351,0,35,0
22616,2011-11-21,last_week,1351.0,101,35,0,2903,35,66,0,2903
22616,2011-11-28,last_week,101.0,636,0,2903,0,636,0,2267,0
22693,2011-09-12,last_week,216.0,2,783,0,0,2,0,781,0
22693,2011-09-19,last_week,2.0,102,781,0,0,102,0,679,0
22693,2011-09-26,last_week,102.0,97,679,0,0,97,0,582,0
22693,2011-10-03,last_week,97.0,125,582,0,0,125,0,457,0
22693,2011-10-10,last_week,125.0,148,457,0,0,148,0,309,0
22693,2011-10-17,last_week,148.0,264,309,0,183,264,0,45,183
22693,2011-10-24,last_week,264.0,363,45,183,496,228,135,0,496
22693,2011-10-31,last_week,363.0,221,0,496,426,221,0,275,426
22693,2011-11-07,last_week,221.0,299,275,426,0,299,0,402,0
22693,2011-11-14,last_week,299.0,216,402,0,392,216,0,186,392
22693,2011-11-21,last_week,216.0,64,186,392,50,64,0,514,50
22693,2011-11-28,last_week,64.0,363,514,50,0,363,0,201,0
47566,2011-09-12,last_week,300.0,334,770,0,23,334,0,436,23
47566,2011-09-19,last_week,334.0,158,436,23,402,158,0,301,402
47566,2011-09-26,last_week,158.0,209,301,402,0,209,0,494,0
47566,2011-10-03,last_week,209.0,183,494,0,117,183,0,311,117
47566,2011-10-10,last_week,183.0,106,311,117,131,106,0,322,131
47566,2011-10-17,last_week,106.0,211,322,131,0,211,0,242,0
47566,2011-10-24,last_week,211.0,78,242,0,373,78,0,164,373
47566,2011-10-31,last_week,78.0,102,164,373,0,102,0,435,0
47566,2011-11-07,last_week,102.0,135,435,0,0,135,0,300,0
47566,2011-11-14,last_week,135.0,218,300,0,163,218,0,82,163
47566,2011-11-21,last_week,218.0,455,82,163,384,245,210,0,384
47566,2011-11-28,last_week,455.0,105,0,384,719,105,0,279,719
84077,2011-09-12,last_week,432.0,1296,1888,0,0,1296,0,592,0
84077,2011-09-19,last_week,1296.0,587,592,0,2472,587,0,5,2472
84077,2011-09-26,last_week,587.0,1008,5,2472,0,1008,0,1469,0
84077,2011-10-03,last_week,1008.0,989,1469,0,1019,989,0,480,1019
84077,2011-10-10,last_week,989.0,730,480,1019,951,730,0,769,951
84077,2011-10-17,last_week,730.0,975,769,951,212,975,0,745,212
84077,2011-10-24,last_week,975.0,5328,745,212,1465,957,4371,0,1465
84077,2011-10-31,last_week,5328.0,974,0,1465,9663,974,0,491,9663
84077,2011-11-07,last_week,974.0,1167,491,9663,0,1167,0,8987,0
84077,2011-11-14,last_week,1167.0,1170,8987,0,0,1170,0,7817,0
84077,2011-11-21,last_week,1170.0,915,7817,0,0,915,0,6902,0
84077,2011-11-28,last_week,915.0,689,6902,0,0,689,0,6213,0
84755,2011-09-12,last_week,380.0,392,675,0,254,392,0,283,254
84755,2011-09-19,last_week,392.0,244,283,254,416,244,0,293,416
84755,2011-09-26,last_week,244.0,48,293,416,0,48,0,661,0
84755,2011-10-03,last_week,48.0,288,661,0,0,288,0,373,0
84755,2011-10-10,last_week,288.0,64,373,0,372,64,0,309,372
84755,2011-10-17,last_week,64.0,196,309,372,0,196,0,485,0
84755,2011-10-24,last_week,196.0,112,485,0,76,112,0,373,76
84755,2011-10-31,last_week,112.0,108,373,76,0,108,0,341,0
84755,2011-11-07,last_week,108.0,324,341,0,44,324,0,17,44
84755,2011-11-14,last_week,324.0,152,17,44,756,61,91,0,756
84755,2011-11-21,last_week,152.0,348,0,756,0,348,0,408,0
84755,2011-11-28,last_week,348.0,40,408,0,457,40,0,368,457
84879,2011-09-12,last_week,488.0,908,975,0,245,908,0,67,245
84879,2011-09-19,last_week,908.0,701,67,245,1748,312,389,0,1748
84879,2011-09-26,last_week,701.0,799,0,1748,0,799,0,949,0
84879,2011-10-03,last_week,799.0,589,949,0,893,589,0,360,893
84879,2011-10-10,last_week,589.0,420,360,893,169,420,0,833,169
84879,2011-10-17,last_week,420.0,829,833,169,82,829,0,173,82
84879,2011-10-24,last_week,829.0,778,173,82,1647,255,523,0,1647
84879,2011-10-31,last_week,778.0,968,0,1647,153,968,0,679,153
84879,2011-11-07,last_week,968.0,1748,679,153,1348,832,916,0,1348
84879,2011-11-14,last_week,1748.0,1326,0,1348,2392,1326,0,22,2392
84879,2011-11-21,last_week,1326.0,1037,22,2392,482,1037,0,1377,482
84879,2011-11-28,last_week,1037.0,953,1377,482,459,953,0,906,459
84991,2011-09-12,last_week,910.0,733,655,0,1329,655,78,0,1329
84991,2011-09-19,last_week,733.0,426,0,1329,301,426,0,903,301
84991,2011-09-26,last_week,426.0,220,903,301,0,220,0,984,0
84991,2011-10-03,last_week,220.0,157,984,0,0,157,0,827,0
84991,2011-10-10,last_week,157.0,193,827,0,0,193,0,634,0
84991,2011-10-17,last_week,193.0,729,634,0,0,634,95,0,0
84991,2011-10-24,last_week,729.0,440,0,0,1622,0,440,0,1622
84991,2011-10-31,last_week,440.0,263,0,1622,0,263,0,1359,0
84991,2011-11-07,last_week,263.0,197,1359,0,0,197,0,1162,0
84991,2011-11-14,last_week,197.0,547,1162,0,0,547,0,615,0
84991,2011-11-21,last_week,547.0,360,615,0,643,360,0,255,643
84991,2011-11-28,last_week,360.0,136,255,643,0,136,0,762,0
85099B,2011-09-12,last_week,556.0,743,1512,0,0,743,0,769,0
85099B,2011-09-19,last_week,743.0,1667,769,0,1095,769,898,0,1095
85099B,2011-09-26,last_week,1667.0,929,0,1095,2617,929,0,166,2617
85099B,2011-10-03,last_week,929.0,2709,166,2617,0,2709,0,74,0
85099B,2011-10-10,last_week,2709.0,947,74,0,5722,74,873,0,5722
85099B,2011-10-17,last_week,947.0,1045,0,5722,0,1045,0,4677,0
85099B,2011-10-24,last_week,1045.0,600,4677,0,0,600,0,4077,0
85099B,2011-10-31,last_week,600.0,1063,4077,0,0,1063,0,3014,0
85099B,2011-11-07,last_week,1063.0,2200,3014,0,0,2200,0,814,0
85099B,2011-11-14,last_week,2200.0,1602,814,0,3964,814,788,0,3964
85099B,2011-11-21,last_week,1602.0,753,0,3964,0,753,0,3211,0
85099B,2011-11-28,last_week,753.0,1050,3211,0,0,1050,0,2161,0
85099F,2011-09-12,last_week,189.0,302,623,0,0,302,0,321,0
85099F,2011-09-19,last_week,302.0,579,321,0,439,321,258,0,439
85099F,2011-09-26,last_week,579.0,206,0,439,875,206,0,233,875
85099F,2011-10-03,last_week,206.0,1172,233,875,0,1108,64,0,0
85099F,2011-10-10,last_week,1172.0,171,0,0,2500,0,171,0,2500
85099F,2011-10-17,last_week,171.0,433,0,2500,0,433,0,2067,0
85099F,2011-10-24,last_week,433.0,30,2067,0,0,30,0,2037,0
85099F,2011-10-31,last_week,30.0,203,2037,0,0,203,0,1834,0
85099F,2011-11-07,last_week,203.0,311,1834,0,0,311,0,1523,0
85099F,2011-11-14,last_week,311.0,196,1523,0,0,196,0,1327,0
85099F,2011-11-21,last_week,196.0,52,1327,0,0,52,0,1275,0
85099F,2011-11-28,last_week,52.0,436,1275,0,0,436,0,839,0
85123A,2011-09-12,last_week,440.0,658,1451,0,0,658,0,793,0
85123A,2011-09-19,last_week,658.0,705,793,0,886,705,0,88,886
85123A,2011-09-26,last_week,705.0,402,88,886,799,402,0,572,799
85123A,2011-10-03,last_week,402.0,165,572,799,0,165,0,1206,0
85123A,2011-10-10,last_week,165.0,679,1206,0,0,679,0,527,0
85123A,2011-10-17,last_week,679.0,231,527,0,1194,231,0,296,1194
85123A,2011-10-24,last_week,231.0,444,296,1194,0,444,0,1046,0
85123A,2011-10-31,last_week,444.0,1704,1046,0,205,1046,658,0,205
85123A,2011-11-07,last_week,1704.0,575,0,205,3566,205,370,0,3566
85123A,2011-11-14,last_week,575.0,1322,0,3566,0,1322,0,2244,0
85123A,2011-11-21,last_week,1322.0,898,2244,0,763,898,0,1346,763
85123A,2011-11-28,last_week,898.0,726,1346,763,50,726,0,1383,50
15036,2011-09-12,moving_average_4,129.0,64,1173,0,0,64,0,1109,0
15036,2011-09-19,moving_average_4,130.0,93,1109,0,0,93,0,1016,0
15036,2011-09-26,moving_average_4,138.25,30,1016,0,0,30,0,986,0
15036,2011-10-03,moving_average_4,100.5,721,986,0,0,721,0,265,0
15036,2011-10-10,moving_average_4,227.0,224,265,0,483,224,0,41,483
15036,2011-10-17,moving_average_4,267.0,194,41,483,304,194,0,330,304
15036,2011-10-24,moving_average_4,292.25,101,330,304,245,101,0,533,245
15036,2011-10-31,moving_average_4,310.0,83,533,245,136,83,0,695,136
15036,2011-11-07,moving_average_4,150.5,107,695,136,0,107,0,724,0
15036,2011-11-14,moving_average_4,121.25,104,724,0,0,104,0,620,0
15036,2011-11-21,moving_average_4,98.75,237,620,0,0,237,0,383,0
15036,2011-11-28,moving_average_4,132.75,143,383,0,177,143,0,240,177
17003,2011-09-12,moving_average_4,372.25,109,901,0,70,109,0,792,70
17003,2011-09-19,moving_average_4,380.0,857,792,70,124,857,0,5,124
17003,2011-09-26,moving_average_4,359.25,931,5,124,816,129,802,0,816
17003,2011-10-03,moving_average_4,519.25,376,0,816,449,376,0,440,449
17003,2011-10-10,moving_average_4,568.25,72,440,449,474,72,0,817,474
17003,2011-10-17,moving_average_4,559.0,204,817,474,53,204,0,1087,53
17003,2011-10-24,moving_average_4,395.75,1684,1087,53,0,1140,544,0,0
17003,2011-10-31,moving_average_4,584.0,100,0,0,1394,0,100,0,1394
17003,2011-11-07,moving_average_4,515.0,109,0,1394,0,109,0,1285,0
17003,2011-11-14,moving_average_4,524.25,315,1285,0,0,315,0,970,0
17003,2011-11-21,moving_average_4,552.0,474,970,0,360,474,0,496,360
17003,2011-11-28,moving_average_4,249.5,130,496,360,0,130,0,726,0
20725,2011-09-12,moving_average_4,375.0,329,665,0,252,329,0,336,252
20725,2011-09-19,moving_average_4,349.0,492,336,252,277,492,0,96,277
20725,2011-09-26,moving_average_4,386.75,318,96,277,568,318,0,55,568
20725,2011-10-03,moving_average_4,415.75,322,55,568,376,322,0,301,376
20725,2011-10-10,moving_average_4,365.25,443,301,376,221,443,0,234,221
20725,2011-10-17,moving_average_4,393.75,276,234,221,500,276,0,179,500
20725,2011-10-24,moving_average_4,339.75,314,179,500,168,314,0,365,168
20725,2011-10-31,moving_average_4,338.75,323,365,168,312,323,0,210,312
20725,2011-11-07,moving_average_4,339.0,556,210,312,323,522,34,0,323
20725,2011-11-14,moving_average_4,367.25,650,0,323,579,323,327,0,579
20725,2011-11-21,moving_average_4,460.75,276,0,579,510,276,0,303,510
20725,2011-11-28,moving_average_4,451.25,331,303,510,257,331,0,482,257
21212,2011-09-12,moving_average_4,832.25,955,1402,0,614,955,0,447,614
21212,2011-09-19,moving_average_4,658.5,1028,447,614,607,1028,0,33,607
21212,2011-09-26,moving_average_4,788.5,359,33,607,1288,359,0,281,1288
21212,2011-10-03,moving_average_4,763.5,477,281,1288,309,477,0,1092,309
21212,2011-10-10,moving_average_4,704.75,499,1092,309,360,499,0,902,360
21212,2011-10-17,moving_average_4,590.75,507,902,360,271,507,0,755,271
21212,2011-10-24,moving_average_4,460.5,521,755,271,246,521,0,505,246
21212,2011-10-31,moving_average_4,501.0,1042,505,246,602,751,291,0,602
21212,2011-11-07,moving_average_4,642.25,362,0,602,1034,362,0,240,1034
21212,2011-11-14,moving_average_4,608.0,590,240,1034,293,590,0,684,293
21212,2011-11-21,moving_average_4,628.75,342,684,293,632,342,0,635,632
21212,2011-11-28,moving_average_4,584.0,546,635,632,252,546,0,721,252
21977,2011-09-12,moving_average_4,656.0,790,922,0,621,790,0,132,621
21977,2011-09-19,moving_average_4,633.75,402,132,621,746,402,0,351,746
21977,2011-09-26,moving_average_4,515.25,213,351,746,165,213,0,884,165
21977,2011-10-03,moving_average_4,517.25,877,884,165,217,877,0,172,217
21977,2011-10-10,moving_average_4,570.5,270,172,217,983,270,0,119,983
21977,2011-10-17,moving_average_4,440.5,118,119,983,10,118,0,984,10
21977,2011-10-24,moving_average_4,369.5,98,984,10,0,98,0,896,0
21977,2011-10-31,moving_average_4,340.75,158,896,0,17,158,0,738,17
21977,2011-11-07,moving_average_4,161.0,303,738,17,0,303,0,452,0
21977,2011-11-14,moving_average_4,169.25,415,452,0,118,415,0,37,118
21977,2011-11-21,moving_average_4,243.5,392,37,118,563,155,237,0,563
21977,2011-11-28,moving_average_4,317.0,239,0,563,302,239,0,324,302
22178,2011-09-12,moving_average_4,374.25,248,870,0,97,248,0,622,97
22178,2011-09-19,moving_average_4,356.75,425,622,97,213,425,0,294,213
22178,2011-09-26,moving_average_4,349.0,90,294,213,409,90,0,417,409
22178,2011-10-03,moving_average_4,248.25,1483,417,409,0,826,657,0,0
22178,2011-10-10,moving_average_4,561.5,303,0,0,1341,0,303,0,1341
22178,2011-10-17,moving_average_4,575.25,211,0,1341,28,211,0,1130,28
22178,2011-10-24,moving_average_4,521.75,1246,1130,28,104,1158,88,0,104
22178,2011-10-31,moving_average_4,810.75,359,0,104,1736,104,255,0,1736
22178,2011-11-07,moving_average_4,529.75,288,0,1736,0,288,0,1448,0
22178,2011-11-14,moving_average_4,526.0,449,1448,0,0,449,0,999,0
22178,2011-11-21,moving_average_4,585.5,373,999,0,390,373,0,626,390
22178,2011-11-28,moving_average_4,367.25,755,626,390,0,755,0,261,0
22197,2011-09-12,moving_average_4,704.0,570,1324,0,415,570,0,754,415
22197,2011-09-19,moving_average_4,717.0,682,754,415,596,682,0,487,596
22197,2011-09-26,moving_average_4,681.0,1675,487,596,610,1083,592,0,610
22197,2011-10-03,moving_average_4,860.75,835,0,610,1443,610,225,0,1443
22197,2011-10-10,moving_average_4,940.5,884,0,1443,769,884,0,559,769
22197,2011-10-17,moving_average_4,1019.0,1164,559,769,1041,1164,0,164,1041
22197,2011-10-24,moving_average_4,1139.5,2775,164,1041,1405,1205,1570,0,1405
22197,2011-10-31,moving_average_4,1414.5,1156,0,1405,1755,1156,0,249,1755
22197,2011-11-07,moving_average_4,1494.75,3900,249,1755,1317,2004,1896,0,1317
22197,2011-11-14,moving_average_4,2248.75,3145,0,1317,3512,1317,1828,0,3512
22197,2011-11-21,moving_average_4,2744.0,2955,0,3512,2307,2955,0,557,2307
22197,2011-11-28,moving_average_4,2789.0,3275,557,2307,3045,2864,411,0,3045
22386,2011-09-12,moving_average_4,527.5,478,647,0,570,478,0,169,570
22386,2011-09-19,moving_average_4,500.5,809,169,570,424,739,70,0,424
22386,2011-09-26,moving_average_4,548.0,665,0,424,834,424,241,0,834
22386,2011-10-03,moving_average_4,652.25,1649,0,834,633,834,815,0,633
22386,2011-10-10,moving_average_4,900.25,437,0,633,1330,437,0,196,1330
22386,2011-10-17,moving_average_4,890.0,334,196,1330,416,334,0,1192,416
22386,2011-10-24,moving_average_4,771.25,743,1192,416,97,743,0,865,97
22386,2011-10-31,moving_average_4,790.75,313,865,97,782,313,0,649,782
22386,2011-11-07,moving_average_4,456.75,516,649,782,0,516,0,915,0
22386,2011-11-14,moving_average_4,476.5,522,915,0,200,522,0,393,200
22386,2011-11-21,moving_average_4,523.5,253,393,200,616,253,0,340,616
22386,2011-11-28,moving_average_4,401.0,436,340,616,8,436,0,520,8
22469,2011-09-12,moving_average_4,140.5,359,674,0,0,359,0,315,0
22469,2011-09-19,moving_average_4,210.75,1055,315,0,276,315,740,0,276
22469,2011-09-26,moving_average_4,445.25,226,0,276,784,226,0,50,784
22469,2011-10-03,moving_average_4,469.25,255,50,784,274,255,0,579,274
22469,2011-10-10,moving_average_4,473.75,100,579,274,264,100,0,753,264
22469,2011-10-17,moving_average_4,409.0,336,753,264,0,336,0,681,0
22469,2011-10-24,moving_average_4,229.25,383,681,0,0,383,0,298,0
22469,2011-10-31,moving_average_4,268.5,1042,298,0,408,298,744,0,408
22469,2011-11-07,moving_average_4,465.25,305,0,408,692,305,0,103,692
22469,2011-11-14,moving_average_4,516.5,361,103,692,407,361,0,434,407
22469,2011-11-21,moving_average_4,522.75,213,434,407,374,213,0,628,374
22469,2011-11-28,moving_average_4,480.25,809,628,374,128,809,0,193,128
22492,2011-09-12,moving_average_4,661.0,937,867,0,672,867,70,0,672
22492,2011-09-19,moving_average_4,697.25,334,0,672,940,334,0,338,940
22492,2011-09-26,moving_average_4,699.75,576,338,940,339,576,0,702,339
22492,2011-10-03,moving_average_4,509.75,760,702,339,196,760,0,281,196
22492,2011-10-10,moving_average_4,651.75,257,281,196,1044,257,0,220,1044
22492,2011-10-17,moving_average_4,481.75,1334,220,1044,0,1264,70,0,0
22492,2011-10-24,moving_average_4,731.75,792,0,0,1681,0,792,0,1681
22492,2011-10-31,moving_average_4,785.75,226,0,1681,108,226,0,1455,108
22492,2011-11-07,moving_average_4,652.25,1724,1455,108,0,1563,161,0,0
22492,2011-11-14,moving_average_4,1019.0,679,0,0,2255,0,679,0,2255
22492,2011-11-21,moving_average_4,855.25,402,0,2255,0,402,0,1853,0
22492,2011-11-28,moving_average_4,757.75,301,1853,0,0,301,0,1552,0
22616,2011-09-12,moving_average_4,280.75,200,944,0,0,200,0,744,0
22616,2011-09-19,moving_average_4,293.5,291,744,0,79,291,0,453,79
22616,2011-09-26,moving_average_4,263.0,577,453,79,230,532,45,0,230
22616,2011-10-03,moving_average_4,286.0,525,0,230,578,230,295,0,578
22616,2011-10-10,moving_average_4,398.25,65,0,578,455,65,0,513,455
22616,2011-10-17,moving_average_4,364.5,666,513,455,0,666,0,302,0
22616,2011-10-24,moving_average_4,458.25,293,302,0,851,293,0,9,851
22616,2011-10-31,moving_average_4,387.25,702,9,851,151,702,0,158,151
22616,2011-11-07,moving_average_4,431.5,254,158,151,790,254,0,55,790
22616,2011-11-14,moving_average_4,478.75,1351,55,790,349,845,506,0,349
22616,2011-11-21,moving_average_4,650.0,101,0,349,1187,101,0,248,1187
22616,2011-11-28,moving_average_4,602.0,636,248,1187,5,636,0,799,5
22693,2011-09-12,moving_average_4,72.25,2,783,0,0,2,0,781,0
22693,2011-09-19,moving_average_4,66.75,102,781,0,0,102,0,679,0
22693,2011-09-26,moving_average_4,80.25,97,679,0,0,97,0,582,0
22693,2011-10-03,moving_average_4,104.25,125,582,0,0,125,0,457,0
22693,2011-10-10,moving_average_4,81.5,148,457,0,0,148,0,309,0
22693,2011-10-17,moving_average_4,118.0,264,309,0,123,264,0,45,123
22693,2011-10-24,moving_average_4,158.5,363,45,123,345,168,195,0,345
22693,2011-10-31,moving_average_4,225.0,221,0,345,301,221,0,124,301
22693,2011-11-07,moving_average_4,249.0,299,124,301,269,299,0,126,269
22693,2011-11-14,moving_average_4,286.75,216,126,269,375,216,0,179,375
22693,2011-11-21,moving_average_4,274.75,64,179,375,192,64,0,490,192
22693,2011-11-28,moving_average_4,200.0,363,490,192,0,363,0,319,0
47566,2011-09-12,moving_average_4,345.0,334,770,0,113,334,0,436,113
47566,2011-09-19,moving_average_4,328.0,158,436,113,300,158,0,391,300
47566,2011-09-26,moving_average_4,249.75,209,391,300,2,209,0,482,2
47566,2011-10-03,moving_average_4,250.25,183,482,2,210,183,0,301,210
47566,2011-10-10,moving_average_4,221.0,106,301,210,124,106,0,405,124
47566,2011-10-17,moving_average_4,164.0,211,405,124,0,211,0,318,0
47566,2011-10-24,moving_average_4,177.25,78,318,0,230,78,0,240,230
47566,2011-10-31,moving_average_4,144.5,102,240,230,12,102,0,368,12
47566,2011-11-07,moving_average_4,124.25,135,368,12,62,135,0,245,62
47566,2011-11-14,moving_average_4,131.5,218,245,62,149,218,0,89,149
47566,2011-11-21,moving_average_4,133.25,455,89,149,222,238,217,0,222
47566,2011-11-28,moving_average_4,227.5,105,0,222,426,105,0,117,426
84077,2011-09-12,moving_average_4,576.5,1296,1888,0,0,1296,0,592,0
84077,2011-09-19,moving_average_4,768.5,587,592,0,1417,587,0,5,1417
84077,2011-09-26,moving_average_4,651.25,1008,5,1417,353,1008,0,414,353
84077,2011-10-03,moving_average_4,830.75,989,414,353,1367,767,222,0,1367
84077,2011-10-10,moving_average_4,970.0,730,0,1367,1045,730,0,637,1045
84077,2011-10-17,moving_average_4,828.5,975,637,1045,447,975,0,707,447
84077,2011-10-24,moving_average_4,925.5,5328,707,447,1169,1154,4174,0,1169
84077,2011-10-31,moving_average_4,2005.5,974,0,1169,3314,974,0,195,3314
84077,2011-11-07,moving_average_4,2001.75,1167,195,3314,967,1167,0,2342,967
84077,2011-11-14,moving_average_4,2111.0,1170,2342,967,1385,1170,0,2139,1385
84077,2011-11-21,moving_average_4,2159.75,915,2139,1385,1268,915,0,2609,1268
84077,2011-11-28,moving_average_4,1056.5,689,2609,1268,0,689,0,3188,0
84755,2011-09-12,moving_average_4,330.0,392,675,0,154,392,0,283,154
84755,2011-09-19,moving_average_4,377.0,244,283,154,486,244,0,193,486
84755,2011-09-26,moving_average_4,322.0,48,193,486,134,48,0,631,134
84755,2011-10-03,moving_average_4,266.0,288,631,134,0,288,0,477,0
84755,2011-10-10,moving_average_4,243.0,64,477,0,178,64,0,413,178
84755,2011-10-17,moving_average_4,161.0,196,413,178,0,196,0,395,0
84755,2011-10-24,moving_average_4,149.0,112,395,0,72,112,0,283,72
84755,2011-10-31,moving_average_4,165.0,108,283,72,144,108,0,247,144
84755,2011-11-07,moving_average_4,120.0,324,247,144,18,324,0,67,18
84755,2011-11-14,moving_average_4,185.0,152,67,18,454,85,67,0,454
84755,2011-11-21,moving_average_4,174.0,348,0,454,63,348,0,106,63
84755,2011-11-28,moving_average_4,233.0,40,106,63,466,40,0,129,466
84879,2011-09-12,moving_average_4,527.5,908,975,0,324,908,0,67,324
84879,2011-09-19,moving_average_4,615.5,701,67,324,1084,391,310,0,1084
84879,2011-09-26,moving_average_4,578.25,799,0,1084,317,799,0,285,317
84879,2011-10-03,moving_average_4,724.0,589,285,317,1090,589,0,13,1090
84879,2011-10-10,moving_average_4,749.25,420,13,1090,640,420,0,683,640
84879,2011-10-17,moving_average_4,627.25,829,683,640,176,829,0,494,176
84879,2011-10-24,moving_average_4,659.25,778,494,176,893,670,108,0,893
84879,2011-10-31,moving_average_4,654.0,968,0,893,659,893,75,0,659
84879,2011-11-07,moving_average_4,748.75,1748,0,659,1083,659,1089,0,1083
84879,2011-11-14,moving_average_4,1080.75,1326,0,1083,1323,1083,243,0,1323
84879,2011-11-21,moving_average_4,1205.0,1037,0,1323,1331,1037,0,286,1331
84879,2011-11-28,moving_average_4,1269.75,953,286,1331,1167,953,0,664,1167
84991,2011-09-12,moving_average_4,463.5,733,655,0,436,655,78,0,436
84991,2011-09-19,moving_average_4,484.75,426,0,436,698,426,0,10,698
84991,2011-09-26,moving_average_4,552.5,220,10,698,561,220,0,488,561
84991,2011-10-03,moving_average_4,572.25,157,488,561,260,157,0,892,260
84991,2011-10-10,moving_average_4,384.0,193,892,260,0,193,0,959,0
84991,2011-10-17,moving_average_4,249.0,729,959,0,0,729,0,230,0
84991,2011-10-24,moving_average_4,324.75,440,230,0,584,230,210,0,584
84991,2011-10-31,moving_average_4,379.75,263,0,584,340,263,0,321,340
84991,2011-11-07,moving_average_4,406.25,197,321,340,316,197,0,464,316
84991,2011-11-14,moving_average_4,407.25,547,464,316,199,547,0,233,199
84991,2011-11-21,moving_average_4,361.75,360,233,199,456,360,0,72,456
84991,2011-11-28,moving_average_4,341.75,136,72,456,320,136,0,392,320
85099B,2011-09-12,moving_average_4,1036.75,743,1512,0,940,743,0,769,940
85099B,2011-09-19,moving_average_4,883.5,1667,769,940,436,1667,0,42,436
85099B,2011-09-26,moving_average_4,920.75,929,42,436,1742,478,451,0,1742
85099B,2011-10-03,moving_average_4,973.75,2709,0,1742,584,1742,967,0,584
85099B,2011-10-10,moving_average_4,1512.0,947,0,584,2818,584,363,0,2818
85099B,2011-10-17,moving_average_4,1563.0,1045,0,2818,686,1045,0,1773,686
85099B,2011-10-24,moving_average_4,1407.5,600,1773,686,734,600,0,1859,734
85099B,2011-10-31,moving_average_4,1325.25,1063,1859,734,436,1063,0,1530,436
85099B,2011-11-07,moving_average_4,913.75,2200,1530,436,240,1966,234,0,240
85099B,2011-11-14,moving_average_4,1227.0,1602,0,240,2592,240,1362,0,2592
85099B,2011-11-21,moving_average_4,1366.25,753,0,2592,519,753,0,1839,519
85099B,2011-11-28,moving_average_4,1404.5,1050,1839,519,829,1050,0,1308,829
85099F,2011-09-12,moving_average_4,416.75,302,623,0,367,302,0,321,367
85099F,2011-09-19,moving_average_4,410.25,579,321,367,289,579,0,109,289
85099F,2011-09-26,moving_average_4,337.0,206,109,289,432,206,0,192,432
85099F,2011-10-03,moving_average_4,319.0,1172,192,432,170,624,548,0,170
85099F,2011-10-10,moving_average_4,564.75,171,0,170,1116,170,1,0,1116
85099F,2011-10-17,moving_average_4,532.0,433,0,1116,104,433,0,683,104
85099F,2011-10-24,moving_average_4,495.5,30,683,104,360,30,0,757,360
85099F,2011-10-31,moving_average_4,451.5,203,757,360,0,203,0,914,0
85099F,2011-11-07,moving_average_4,209.25,311,914,0,0,311,0,603,0
85099F,2011-11-14,moving_average_4,244.25,196,603,0,42,196,0,407,42
85099F,2011-11-21,moving_average_4,185.0,52,407,42,77,52,0,397,77
85099F,2011-11-28,moving_average_4,190.5,436,397,77,63,436,0,38,63
85123A,2011-09-12,moving_average_4,475.5,658,1451,0,0,658,0,793,0
85123A,2011-09-19,moving_average_4,566.0,705,793,0,702,705,0,88,702
85123A,2011-09-26,moving_average_4,549.25,402,88,702,672,402,0,388,672
85123A,2011-10-03,moving_average_4,551.25,165,388,672,406,165,0,895,406
85123A,2011-10-10,moving_average_4,482.5,679,895,406,27,679,0,622,27
85123A,2011-10-17,moving_average_4,487.75,231,622,27,690,231,0,418,690
85123A,2011-10-24,moving_average_4,369.25,444,418,690,0,444,0,664,0
85123A,2011-10-31,moving_average_4,379.75,1704,664,0,459,664,1040,0,459
85123A,2011-11-07,moving_average_4,764.5,575,0,459,1433,459,116,0,1433
85123A,2011-11-14,moving_average_4,738.5,1322,0,1433,407,1322,0,111,407
85123A,2011-11-21,moving_average_4,1011.25,898,111,407,1868,518,380,0,1868
85123A,2011-11-28,moving_average_4,1124.75,726,0,1868,745,726,0,1142,745
15036,2011-09-12,random_forest,412.34955024712247,64,1173,0,0,64,0,1109,0
15036,2011-09-19,random_forest,332.49388409847364,93,1109,0,0,93,0,1016,0
15036,2011-09-26,random_forest,307.3843060722314,30,1016,0,0,30,0,986,0
15036,2011-10-03,random_forest,188.67928698481734,721,986,0,0,721,0,265,0
15036,2011-10-10,random_forest,431.2160694903703,224,265,0,892,224,0,41,892
15036,2011-10-17,random_forest,384.05365951340355,194,41,892,130,194,0,739,130
15036,2011-10-24,random_forest,333.49492531372033,101,739,130,92,101,0,768,92
15036,2011-10-31,random_forest,352.0556441985059,83,768,92,139,83,0,777,139
15036,2011-11-07,random_forest,398.0332340810624,107,777,139,175,107,0,809,175
15036,2011-11-14,random_forest,340.5231998663332,104,809,175,0,104,0,880,0
15036,2011-11-21,random_forest,336.2649165014571,237,880,0,87,237,0,643,87
15036,2011-11-28,random_forest,312.5146964209464,143,643,87,190,143,0,587,190
17003,2011-09-12,random_forest,381.8639719796226,109,901,0,89,109,0,792,89
17003,2011-09-19,random_forest,311.5838536343741,857,792,89,0,857,0,24,0
17003,2011-09-26,random_forest,470.7182949399374,931,24,0,1144,24,907,0,1144
17003,2011-10-03,random_forest,474.0086287616926,376,0,1144,31,376,0,768,31
17003,2011-10-10,random_forest,466.28964096986505,72,768,31,360,72,0,727,360
17003,2011-10-17,random_forest,403.298973265136,204,727,360,0,204,0,883,0
17003,2011-10-24,random_forest,462.0701511427129,1684,883,0,268,883,801,0,268
17003,2011-10-31,random_forest,482.26890379779417,100,0,268,923,100,0,168,923
17003,2011-11-07,random_forest,397.9208710938057,109,168,923,0,109,0,982,0
17003,2011-11-14,random_forest,402.2331163975686,315,982,0,49,315,0,667,49
17003,2011-11-21,random_forest,469.09538915679747,474,667,49,449,474,0,242,449
17003,2011-11-28,random_forest,411.52820756784814,130,242,449,359,130,0,561,359
20725,2011-09-12,random_forest,431.65743429380177,329,665,0,366,329,0,336,366
20725,2011-09-19,random_forest,468.14984137753555,492,336,366,402,492,0,210,402
20725,2011-09-26,random_forest,395.9205728609314,318,210,402,347,318,0,294,347
20725,2011-10-03,random_forest,463.4493065461788,322,294,347,453,322,0,319,453
20725,2011-10-10,random_forest,474.9377253683657,443,319,453,345,443,0,329,345
20725,2011-10-17,random_forest,434.40751377314575,276,329,345,362,276,0,398,362
20725,2011-10-24,random_forest,429.3823003908284,314,398,362,266,314,0,446,266
20725,2011-10-31,random_forest,438.59769970045824,323,446,266,333,323,0,389,333
20725,2011-11-07,random_forest,441.9154401777429,556,389,333,329,556,0,166,329
20725,2011-11-14,random_forest,430.3524398818816,650,166,329,533,495,155,0,533
20725,2011-11-21,random_forest,500.9830206035969,276,0,533,636,276,0,257,636
20725,2011-11-28,random_forest,501.9448706056946,331,257,636,278,331,0,562,278
21212,2011-09-12,random_forest,565.1076750064545,955,1402,0,80,955,0,447,80
21212,2011-09-19,random_forest,706.8405955195435,1028,447,80,1238,527,501,0,1238
21212,2011-09-26,random_forest,814.3324020933397,359,0,1238,742,359,0,879,742
21212,2011-10-03,random_forest,661.1773263518617,477,879,742,53,477,0,1144,53
21212,2011-10-10,random_forest,850.3345303818205,499,1144,53,855,499,0,698,855
21212,2011-10-17,random_forest,687.6811585176973,507,698,855,174,507,0,1046,174
21212,2011-10-24,random_forest,701.256094152798,521,1046,174,534,521,0,699,534
21212,2011-10-31,random_forest,682.0128757054066,1042,699,534,483,1042,0,191,483
21212,2011-11-07,random_forest,654.669261370914,362,191,483,987,362,0,312,987
21212,2011-11-14,random_forest,703.4371008591153,590,312,987,459,590,0,709,459
21212,2011-11-21,random_forest,521.3367393110773,342,709,459,226,342,0,826,226
21212,2011-11-28,random_forest,486.3113729664345,546,826,226,272,546,0,506,272
21977,2011-09-12,random_forest,639.5058275140726,790,922,0,589,790,0,132,589
21977,2011-09-19,random_forest,560.2803266723639,402,132,589,631,402,0,319,631
21977,2011-09-26,random_forest,519.6886031076704,213,319,631,321,213,0,737,321
21977,2011-10-03,random_forest,564.4701894265947,877,737,321,302,877,0,181,302
21977,2011-10-10,random_forest,653.5350589847,270,181,302,1056,270,0,213,1056
21977,2011-10-17,random_forest,535.4363196466281,118,213,1056,33,118,0,1151,33
21977,2011-10-24,random_forest,441.947781235372,98,1151,33,0,98,0,1086,0
21977,2011-10-31,random_forest,466.7405811673863,158,1086,0,79,158,0,928,79
21977,2011-11-07,random_forest,423.23143740796894,303,928,79,71,303,0,704,71
21977,2011-11-14,random_forest,337.9969857341247,415,704,71,132,415,0,360,132
21977,2011-11-21,random_forest,378.1751092637769,392,360,132,496,392,0,100,496
21977,2011-11-28,random_forest,457.1722715520024,239,100,496,550,239,0,357,550
22178,2011-09-12,random_forest,454.98271772576504,248,870,0,258,248,0,622,258
22178,2011-09-19,random_forest,432.0255550248011,425,622,258,203,425,0,455,203
22178,2011-09-26,random_forest,437.7595121478776,90,455,203,436,90,0,568,436
22178,2011-10-03,random_forest,280.962755395747,1483,568,436,0,1004,479,0,0
22178,2011-10-10,random_forest,482.2241565153877,303,0,0,1183,0,303,0,1183
22178,2011-10-17,random_forest,507.3256284591833,211,0,1183,50,211,0,972,50
22178,2011-10-24,random_forest,388.51496519443026,1246,972,50,0,1022,224,0,0
22178,2011-10-31,random_forest,425.0343618012197,359,0,0,1069,0,359,0,1069
22178,2011-11-07,random_forest,479.99235272186183,288,0,1069,109,288,0,781,109
22178,2011-11-14,random_forest,492.1637597510923,449,781,109,313,449,0,441,313
22178,2011-11-21,random_forest,487.00140257215054,373,441,313,439,373,0,381,439
22178,2011-11-28,random_forest,729.4467905686685,755,381,439,857,755,0,65,857
22197,2011-09-12,random_forest,591.914440313914,570,1324,0,191,570,0,754,191
22197,2011-09-19,random_forest,675.5549266455578,682,754,191,738,682,0,263,738
22197,2011-09-26,random_forest,730.2576310448964,1675,263,738,791,1001,674,0,791
22197,2011-10-03,random_forest,938.6181255064008,835,0,791,1418,791,44,0,1418
22197,2011-10-10,random_forest,863.4193633258749,884,0,1418,640,884,0,534,640
22197,2011-10-17,random_forest,807.2800259039011,1164,534,640,772,1164,0,10,772
22197,2011-10-24,random_forest,953.4076289635907,2775,10,772,1456,782,1993,0,1456
22197,2011-10-31,random_forest,1210.2217509803995,1156,0,1456,1296,1156,0,300,1296
22197,2011-11-07,random_forest,1202.9899255412195,3900,300,1296,1141,1596,2304,0,1141
22197,2011-11-14,random_forest,1535.7887470860323,3145,0,1141,2262,1141,2004,0,2262
22197,2011-11-21,random_forest,1963.7676281998229,2955,0,2262,1997,2262,693,0,1997
22197,2011-11-28,random_forest,2084.035237070998,3275,0,1997,2503,1997,1278,0,2503
22386,2011-09-12,random_forest,479.7288036855823,478,647,0,475,478,0,169,475
22386,2011-09-19,random_forest,545.6810315961841,809,169,475,610,644,165,0,610
22386,2011-09-26,random_forest,498.8756091906846,665,0,610,550,610,55,0,550
22386,2011-10-03,random_forest,529.1952322638545,1649,0,550,671,550,1099,0,671
22386,2011-10-10,random_forest,767.0643401032787,437,0,671,1026,437,0,234,1026
22386,2011-10-17,random_forest,604.1039546142091,334,234,1026,111,334,0,926,111
22386,2011-10-24,random_forest,546.7753089128403,743,926,111,219,743,0,294,219
22386,2011-10-31,random_forest,806.0711810460126,313,294,219,1262,313,0,200,1262
22386,2011-11-07,random_forest,563.2008278666439,516,200,1262,0,516,0,946,0
22386,2011-11-14,random_forest,658.9642870419964,522,946,0,534,522,0,424,534
22386,2011-11-21,random_forest,582.1704773943071,253,424,534,369,253,0,705,369
22386,2011-11-28,random_forest,691.0571700013569,436,705,369,471,436,0,638,471
22469,2011-09-12,random_forest,489.8211726120606,359,674,0,475,359,0,315,475
22469,2011-09-19,random_forest,316.3766324067054,1055,315,475,12,790,265,0,12
22469,2011-09-26,random_forest,513.3680423340462,226,0,12,1184,12,214,0,1184
22469,2011-10-03,random_forest,459.1149527430482,255,0,1184,0,255,0,929,0
22469,2011-10-10,random_forest,445.7714371594117,100,929,0,132,100,0,829,132
22469,2011-10-17,random_forest,401.8190151113327,336,829,132,12,336,0,625,12
22469,2011-10-24,random_forest,415.3813982069672,383,625,12,363,383,0,254,363
22469,2011-10-31,random_forest,407.02558098344235,1042,254,363,367,617,425,0,367
22469,2011-11-07,random_forest,425.0808804454518,305,0,367,653,305,0,62,653
22469,2011-11-14,random_forest,492.0854038973448,361,62,653,439,361,0,354,439
22469,2011-11-21,random_forest,478.7834164959864,213,354,439,334,213,0,580,334
22469,2011-11-28,random_forest,460.9334255474489,809,580,334,177,809,0,105,177
22492,2011-09-12,random_forest,504.6488788370063,937,867,0,360,867,70,0,360
22492,2011-09-19,random_forest,473.92479186037167,334,0,360,805,334,0,26,805
22492,2011-09-26,random_forest,511.1491955586118,576,26,805,409,576,0,255,409
22492,2011-10-03,random_forest,470.23641028532006,760,255,409,494,664,96,0,494
22492,2011-10-10,random_forest,668.43526338121,257,0,494,1060,257,0,237,1060
22492,2011-10-17,random_forest,545.1364853066341,1334,237,1060,11,1297,37,0,11
22492,2011-10-24,random_forest,744.7762334946236,792,0,11,1696,11,781,0,1696
22492,2011-10-31,random_forest,581.659057777096,226,0,1696,0,226,0,1470,0
22492,2011-11-07,random_forest,604.4055233943502,1724,1470,0,0,1470,254,0,0
22492,2011-11-14,random_forest,1184.5549383288612,679,0,0,2587,0,679,0,2587
22492,2011-11-21,random_forest,960.21827347986,402,0,2587,0,402,0,2185,0
22492,2011-11-28,random_forest,962.7156556055019,301,2185,0,0,301,0,1884,0
22616,2011-09-12,random_forest,413.1163087105765,200,944,0,119,200,0,744,119
22616,2011-09-19,random_forest,484.50656570048085,291,744,119,343,291,0,572,343
22616,2011-09-26,random_forest,554.3990162930047,577,572,343,430,577,0,338,430
22616,2011-10-03,random_forest,411.1538078341744,525,338,430,291,525,0,243,291
22616,2011-10-10,random_forest,446.11735787661667,65,243,291,595,65,0,469,595
22616,2011-10-17,random_forest,385.7556617604816,666,469,595,0,666,0,398,0
22616,2011-10-24,random_forest,525.396838480232,293,398,0,889,293,0,105,889
22616,2011-10-31,random_forest,452.62724494228416,702,105,889,148,702,0,292,148
22616,2011-11-07,random_forest,415.07886035454015,254,292,148,627,254,0,186,627
22616,2011-11-14,random_forest,518.9966898853669,1351,186,627,461,813,538,0,461
22616,2011-11-21,random_forest,500.87765328397523,101,0,461,777,101,0,360,777
22616,2011-11-28,random_forest,375.2135084935576,636,360,777,0,636,0,501,0
22693,2011-09-12,random_forest,412.1696364207487,2,783,0,238,2,0,781,238
22693,2011-09-19,random_forest,272.90140823930466,102,781,238,0,102,0,917,0
22693,2011-09-26,random_forest,366.7057241237328,97,917,0,13,97,0,820,13
22693,2011-10-03,random_forest,342.31697679192484,125,820,13,48,125,0,708,48
22693,2011-10-10,random_forest,484.52448563263397,148,708,48,410,148,0,608,410
22693,2011-10-17,random_forest,414.24291976389895,264,608,410,7,264,0,754,7
22693,2011-10-24,random_forest,314.95875115361207,363,754,7,65,363,0,398,65
22693,2011-10-31,random_forest,335.13342609115017,221,398,65,404,221,0,242,404
22693,2011-11-07,random_forest,320.0620864593651,299,242,404,191,299,0,347,191
22693,2011-11-14,random_forest,361.9585185765128,216,347,191,382,216,0,322,382
22693,2011-11-21,random_forest,354.8613309469805,64,322,382,202,64,0,640,202
22693,2011-11-28,random_forest,259.2541179895619,363,640,202,0,363,0,479,0
47566,2011-09-12,random_forest,439.61556819435697,334,770,0,303,334,0,436,303
47566,2011-09-19,random_forest,445.543018030102,158,436,303,346,158,0,581,346
47566,2011-09-26,random_forest,338.4996422093625,209,581,346,0,209,0,718,0
47566,2011-10-03,random_forest,355.1895160318891,183,718,0,186,183,0,535,186
47566,2011-10-10,random_forest,381.7223118469746,106,535,186,236,106,0,615,236
47566,2011-10-17,random_forest,408.1031753555754,211,615,236,159,211,0,640,159
47566,2011-10-24,random_forest,348.733536227139,78,640,159,92,78,0,721,92
47566,2011-10-31,random_forest,397.9845541922507,102,721,92,176,102,0,711,176
47566,2011-11-07,random_forest,231.83043342431188,135,711,176,0,135,0,752,0
47566,2011-11-14,random_forest,290.9512357457113,218,752,0,23,218,0,534,23
47566,2011-11-21,random_forest,287.26194192870605,455,534,23,211,455,0,102,211
47566,2011-11-28,random_forest,333.5363245505172,105,102,211,548,105,0,208,548
84077,2011-09-12,random_forest,636.8940142775114,1296,1888,0,0,1296,0,592,0
84077,2011-09-19,random_forest,717.0005316672247,587,592,0,1315,587,0,5,1315
84077,2011-09-26,random_forest,613.1635283154957,1008,5,1315,379,1008,0,312,379
84077,2011-10-03,random_forest,713.4225312103168,989,312,379,1208,691,298,0,1208
84077,2011-10-10,random_forest,696.3050226013845,730,0,1208,657,730,0,478,657
84077,2011-10-17,random_forest,791.5869294172662,975,478,657,921,975,0,160,921
84077,2011-10-24,random_forest,774.5173286110555,5328,160,921,941,1081,4247,0,941
84077,2011-10-31,random_forest,1343.573997750087,974,0,941,2219,941,33,0,2219
84077,2011-11-07,random_forest,1357.1526171577373,1167,0,2219,968,1167,0,1052,968
84077,2011-11-14,random_forest,1434.1920827027718,1170,1052,968,1321,1170,0,850,1321
84077,2011-11-21,random_forest,1683.7986960070295,915,850,1321,1669,915,0,1256,1669
84077,2011-11-28,random_forest,1650.3798183105382,689,1256,1669,848,689,0,2236,848
84755,2011-09-12,random_forest,422.59602777271584,392,675,0,340,392,0,283,340
84755,2011-09-19,random_forest,453.6082003005472,244,283,340,454,244,0,379,454
84755,2011-09-26,random_forest,442.5390162412598,48,379,454,222,48,0,785,222
84755,2011-10-03,random_forest,288.28048714530286,288,785,222,0,288,0,719,0
84755,2011-10-10,random_forest,402.2983645885226,64,719,0,255,64,0,655,255
84755,2011-10-17,random_forest,333.8994604427721,196,655,255,0,196,0,714,0
84755,2011-10-24,random_forest,289.5918855142687,112,714,0,35,112,0,602,35
84755,2011-10-31,random_forest,259.8825546611959,108,602,35,52,108,0,529,52
84755,2011-11-07,random_forest,272.1626182006039,324,529,52,133,324,0,257,133
84755,2011-11-14,random_forest,300.2653472454617,152,257,133,380,152,0,238,380
84755,2011-11-21,random_forest,315.5429685842436,348,238,380,183,348,0,270,183
84755,2011-11-28,random_forest,361.6913593314298,40,270,183,440,40,0,413,440
84879,2011-09-12,random_forest,589.8761230578941,908,975,0,449,908,0,67,449
84879,2011-09-19,random_forest,609.1393431533056,701,67,449,947,516,185,0,947
84879,2011-09-26,random_forest,818.8494481099534,799,0,947,935,799,0,148,935
84879,2011-10-03,random_forest,775.158557722374,589,148,935,712,589,0,494,712
84879,2011-10-10,random_forest,655.9403978650173,420,494,712,350,420,0,786,350
84879,2011-10-17,random_forest,595.4669132513582,829,786,350,299,829,0,307,299
84879,2011-10-24,random_forest,587.087330121264,778,307,299,813,606,172,0,813
84879,2011-10-31,random_forest,653.7601391884278,968,0,813,739,813,155,0,739
84879,2011-11-07,random_forest,1026.9834672429417,1748,0,739,1559,739,1009,0,1559
84879,2011-11-14,random_forest,1282.4963049337548,1326,0,1559,1250,1326,0,233,1250
84879,2011-11-21,random_forest,1346.919295425934,1037,233,1250,1455,1037,0,446,1455
84879,2011-11-28,random_forest,1348.9623509859316,953,446,1455,1041,953,0,948,1041
84991,2011-09-12,random_forest,497.6979598501699,733,655,0,505,655,78,0,505
84991,2011-09-19,random_forest,528.9570831517971,426,0,505,717,426,0,79,717
84991,2011-09-26,random_forest,442.3630921672491,220,79,717,253,220,0,576,253
84991,2011-10-03,random_forest,450.05283010111395,157,576,253,236,157,0,672,236
84991,2011-10-10,random_forest,433.1825093954744,193,672,236,123,193,0,715,123
84991,2011-10-17,random_forest,382.6785181906243,729,715,123,92,729,0,109,92
84991,2011-10-24,random_forest,423.34285581513666,440,109,92,810,201,239,0,810
84991,2011-10-31,random_forest,401.31943142104524,263,0,810,157,263,0,547,157
84991,2011-11-07,random_forest,445.78463123466884,197,547,157,352,197,0,507,352
84991,2011-11-14,random_forest,484.4465674868916,547,507,352,274,547,0,312,274
84991,2011-11-21,random_forest,447.8084189329595,360,312,274,474,360,0,226,474
84991,2011-11-28,random_forest,435.77643777354984,136,226,474,336,136,0,564,336
85099B,2011-09-12,random_forest,677.067751826867,743,1512,0,221,743,0,769,221
85099B,2011-09-19,random_forest,727.3755955006854,1667,769,221,843,990,677,0,843
85099B,2011-09-26,random_forest,1035.8386041150109,929,0,843,1607,843,86,0,1607
85099B,2011-10-03,random_forest,945.9243030852272,2709,0,1607,663,1607,1102,0,663
85099B,2011-10-10,random_forest,1097.7226919760938,947,0,663,1911,663,284,0,1911
85099B,2011-10-17,random_forest,1309.010962286765,1045,0,1911,1086,1045,0,866,1086
85099B,2011-10-24,random_forest,1028.3051021566714,600,866,1086,483,600,0,1352,483
85099B,2011-10-31,random_forest,1151.255527033044,1063,1352,483,846,1063,0,772,846
85099B,2011-11-07,random_forest,1167.872055424758,2200,772,846,1096,1618,582,0,1096
85099B,2011-11-14,random_forest,1437.1318837027693,1602,0,1096,2157,1096,506,0,2157
85099B,2011-11-21,random_forest,1726.7249945697677,753,0,2157,1675,753,0,1404,1675
85099B,2011-11-28,random_forest,1624.6706844692342,1050,1404,1675,549,1050,0,2029,549
85099F,2011-09-12,random_forest,441.9287509625948,302,623,0,417,302,0,321,417
85099F,2011-09-19,random_forest,443.5128415633768,579,321,417,306,579,0,159,306
85099F,2011-09-26,random_forest,409.5469269866497,206,159,306,511,206,0,259,511
85099F,2011-10-03,random_forest,397.63389654575667,1172,259,511,182,770,402,0,182
85099F,2011-10-10,random_forest,500.68295867627853,171,0,182,976,171,0,11,976
85099F,2011-10-17,random_forest,561.9855846220723,433,11,976,293,433,0,554,293
85099F,2011-10-24,random_forest,435.82093286219947,30,554,293,181,30,0,817,181
85099F,2011-10-31,random_forest,434.1310668085638,203,817,181,27,203,0,795,27
85099F,2011-11-07,random_forest,489.12447047185435,311,795,27,313,311,0,511,313
85099F,2011-11-14,random_forest,469.2045644181533,196,511,313,271,196,0,628,271
85099F,2011-11-21,random_forest,367.22490688288434,52,628,271,0,52,0,847,0
85099F,2011-11-28,random_forest,383.74757027315457,436,847,0,77,436,0,411,77
85123A,2011-09-12,random_forest,543.1498828775768,658,1451,0,0,658,0,793,0
85123A,2011-09-19,random_forest,543.7829479994399,705,793,0,658,705,0,88,658
85123A,2011-09-26,random_forest,547.6030008516236,402,88,658,713,402,0,344,713
85123A,2011-10-03,random_forest,505.9699758205417,165,344,713,318,165,0,892,318
85123A,2011-10-10,random_forest,498.4416307845563,679,892,318,150,679,0,531,150
85123A,2011-10-17,random_forest,516.6683406107556,231,531,150,716,231,0,450,716
85123A,2011-10-24,random_forest,499.5396047734155,444,450,716,197,444,0,722,197
85123A,2011-10-31,random_forest,478.0916027132657,1704,722,197,401,919,785,0,401
85123A,2011-11-07,random_forest,656.1600314119731,575,0,401,1275,401,174,0,1275
85123A,2011-11-14,random_forest,667.0135718900003,1322,0,1275,423,1275,47,0,423
85123A,2011-11-21,random_forest,871.7544422484731,898,0,423,1684,423,475,0,1684
85123A,2011-11-28,random_forest,1014.4498707203637,726,0,1684,708,726,0,958,708
