StockCode,week_start,random_forest
15036,2011-12-05,307.2193705164677
17003,2011-12-05,378.84804469394754
20725,2011-12-05,466.33147554241407
21212,2011-12-05,477.1453871267999
21977,2011-12-05,395.6433932319197
22178,2011-12-05,466.62536226478784
22197,2011-12-05,2217.398511076235
22386,2011-12-05,442.74624982670196
22469,2011-12-05,409.36843755920364
22492,2011-12-05,644.7474916866997
22616,2011-12-05,428.0047621457226
22693,2011-12-05,292.55695836677916
47566,2011-12-05,296.41912510335425
84077,2011-12-05,1430.136535076704
84755,2011-12-05,319.0009872513865
84879,2011-12-05,1288.0218925800918
84991,2011-12-05,430.65149151032733
85099B,2011-12-05,1473.4250351533833
85099F,2011-12-05,262.5426577786591
85123A,2011-12-05,923.5957608780977
