StockCode,Description
15036,ASSORTED COLOURS SILK FAN
17003,BROCADE RING PURSE
20725,LUNCH BAG RED RETROSPOT
21212,PACK OF 72 RETROSPOT CAKE CASES
21977,PACK OF 60 PINK PAISLEY CAKE CASES
22178,VICTORIAN GLASS HANGING T-LIGHT
22197,POPCORN HOLDER
22386,JUMBO BAG PINK POLKADOT
22469,HEART OF WICKER SMALL
22492,MINI PAINT SET VINTAGE
22616,PACK OF 12 LONDON TISSUES
22693,GROW A FLYTRAP OR SUNFLOWER IN TIN
47566,PARTY BUNTING
84077,WORLD WAR 2 GLIDERS ASSTD DESIGNS
84755,COLOUR GLASS T-LIGHT HOLDER HANGING
84879,ASSORTED COLOUR BIRD ORNAMENT
84991,60 TEATIME FAIRY CAKE CASES
85099B,JUMBO BAG RED RETROSPOT
85099F,JUMBO BAG STRAWBERRY
85123A,WHITE HANGING HEART T-LIGHT HOLDER
