StockCode,week_start,units
15036,2010-12-06,21
15036,2010-12-13,35
15036,2010-12-20,30
15036,2010-12-27,0
15036,2011-01-03,18
15036,2011-01-10,159
15036,2011-01-17,39
15036,2011-01-24,112
15036,2011-01-31,1913
15036,2011-02-07,68
15036,2011-02-14,762
15036,2011-02-21,128
15036,2011-02-28,91
15036,2011-03-07,369
15036,2011-03-14,1342
15036,2011-03-21,99
15036,2011-03-28,1253
15036,2011-04-04,147
15036,2011-04-11,864
15036,2011-04-18,174
15036,2011-04-25,793
15036,2011-05-02,972
15036,2011-05-09,1618
15036,2011-05-16,1643
15036,2011-05-23,397
15036,2011-05-30,193
15036,2011-06-06,1610
15036,2011-06-13,1285
15036,2011-06-20,169
15036,2011-06-27,167
15036,2011-07-04,1938
15036,2011-07-11,352
15036,2011-07-18,510
15036,2011-07-25,638
15036,2011-08-01,943
15036,2011-08-08,268
15036,2011-08-15,60
15036,2011-08-22,60
15036,2011-08-29,181
15036,2011-09-05,215
15036,2011-09-12,64
15036,2011-09-19,93
15036,2011-09-26,30
15036,2011-10-03,721
15036,2011-10-10,224
15036,2011-10-17,194
15036,2011-10-24,101
15036,2011-10-31,83
15036,2011-11-07,107
15036,2011-11-14,104
15036,2011-11-21,237
15036,2011-11-28,143
17003,2010-12-06,263
17003,2010-12-13,90
17003,2010-12-20,0
17003,2010-12-27,0
17003,2011-01-03,864
17003,2011-01-10,8
17003,2011-01-17,831
17003,2011-01-24,1440
17003,2011-01-31,146
17003,2011-02-07,0
17003,2011-02-14,290
17003,2011-02-21,0
17003,2011-02-28,144
17003,2011-03-07,252
17003,2011-03-14,2196
17003,2011-03-21,48
17003,2011-03-28,769
17003,2011-04-04,146
17003,2011-04-11,73
17003,2011-04-18,11
17003,2011-04-25,267
17003,2011-05-02,78
17003,2011-05-09,510
17003,2011-05-16,792
17003,2011-05-23,793
17003,2011-05-30,360
17003,2011-06-06,913
17003,2011-06-13,837
17003,2011-06-20,864
17003,2011-06-27,88
17003,2011-07-04,318
17003,2011-07-11,1012
17003,2011-07-18,289
17003,2011-07-25,149
17003,2011-08-01,146
17003,2011-08-08,144
17003,2011-08-15,78
17003,2011-08-22,940
17003,2011-08-29,291
17003,2011-09-05,180
17003,2011-09-12,109
17003,2011-09-19,857
17003,2011-09-26,931
17003,2011-10-03,376
17003,2011-10-10,72
17003,2011-10-17,204
17003,2011-10-24,1684
17003,2011-10-31,100
17003,2011-11-07,109
17003,2011-11-14,315
17003,2011-11-21,474
17003,2011-11-28,130
20725,2010-12-06,283
20725,2010-12-13,187
20725,2010-12-20,44
20725,2010-12-27,0
20725,2011-01-03,462
20725,2011-01-10,642
20725,2011-01-17,128
20725,2011-01-24,171
20725,2011-01-31,417
20725,2011-02-07,255
20725,2011-02-14,291
20725,2011-02-21,369
20725,2011-02-28,175
20725,2011-03-07,148
20725,2011-03-14,278
20725,2011-03-21,379
20725,2011-03-28,587
20725,2011-04-04,247
20725,2011-04-11,305
20725,2011-04-18,368
20725,2011-04-25,164
20725,2011-05-02,289
20725,2011-05-09,885
20725,2011-05-16,445
20725,2011-05-23,684
20725,2011-05-30,184
20725,2011-06-06,585
20725,2011-06-13,448
20725,2011-06-20,238
20725,2011-06-27,303
20725,2011-07-04,440
20725,2011-07-11,231
20725,2011-07-18,596
20725,2011-07-25,385
20725,2011-08-01,603
20725,2011-08-08,725
20725,2011-08-15,433
20725,2011-08-22,341
20725,2011-08-29,202
20725,2011-09-05,524
20725,2011-09-12,329
20725,2011-09-19,492
20725,2011-09-26,318
20725,2011-10-03,322
20725,2011-10-10,443
20725,2011-10-17,276
20725,2011-10-24,314
20725,2011-10-31,323
20725,2011-11-07,556
20725,2011-11-14,650
20725,2011-11-21,276
20725,2011-11-28,331
21212,2010-12-06,1104
21212,2010-12-13,664
21212,2010-12-20,1363
21212,2010-12-27,0
21212,2011-01-03,324
21212,2011-01-10,619
21212,2011-01-17,1753
21212,2011-01-24,557
21212,2011-01-31,558
21212,2011-02-07,347
21212,2011-02-14,526
21212,2011-02-21,718
21212,2011-02-28,689
21212,2011-03-07,814
21212,2011-03-14,1303
21212,2011-03-21,527
21212,2011-03-28,785
21212,2011-04-04,669
21212,2011-04-11,600
21212,2011-04-18,1421
21212,2011-04-25,315
21212,2011-05-02,788
21212,2011-05-09,1647
21212,2011-05-16,599
21212,2011-05-23,360
21212,2011-05-30,229
21212,2011-06-06,619
21212,2011-06-13,856
21212,2011-06-20,181
21212,2011-06-27,123
21212,2011-07-04,1112
21212,2011-07-11,253
21212,2011-07-18,335
21212,2011-07-25,1083
21212,2011-08-01,445
21212,2011-08-08,335
21212,2011-08-15,1650
21212,2011-08-22,508
21212,2011-08-29,459
21212,2011-09-05,712
21212,2011-09-12,955
21212,2011-09-19,1028
21212,2011-09-26,359
21212,2011-10-03,477
21212,2011-10-10,499
21212,2011-10-17,507
21212,2011-10-24,521
21212,2011-10-31,1042
21212,2011-11-07,362
21212,2011-11-14,590
21212,2011-11-21,342
21212,2011-11-28,546
21977,2010-12-06,232
21977,2010-12-13,549
21977,2010-12-20,534
21977,2010-12-27,0
21977,2011-01-03,179
21977,2011-01-10,107
21977,2011-01-17,154
21977,2011-01-24,144
21977,2011-01-31,811
21977,2011-02-07,75
21977,2011-02-14,464
21977,2011-02-21,239
21977,2011-02-28,276
21977,2011-03-07,684
21977,2011-03-14,1127
21977,2011-03-21,408
21977,2011-03-28,386
21977,2011-04-04,159
21977,2011-04-11,751
21977,2011-04-18,1321
21977,2011-04-25,255
21977,2011-05-02,555
21977,2011-05-09,498
21977,2011-05-16,173
21977,2011-05-23,2825
21977,2011-05-30,20
21977,2011-06-06,337
21977,2011-06-13,471
21977,2011-06-20,545
21977,2011-06-27,160
21977,2011-07-04,117
21977,2011-07-11,191
21977,2011-07-18,1331
21977,2011-07-25,742
21977,2011-08-01,271
21977,2011-08-08,248
21977,2011-08-15,879
21977,2011-08-22,876
21977,2011-08-29,205
21977,2011-09-05,664
21977,2011-09-12,790
21977,2011-09-19,402
21977,2011-09-26,213
21977,2011-10-03,877
21977,2011-10-10,270
21977,2011-10-17,118
21977,2011-10-24,98
21977,2011-10-31,158
21977,2011-11-07,303
21977,2011-11-14,415
21977,2011-11-21,392
21977,2011-11-28,239
22178,2010-12-06,525
22178,2010-12-13,593
22178,2010-12-20,130
22178,2010-12-27,0
22178,2011-01-03,396
22178,2011-01-10,204
22178,2011-01-17,339
22178,2011-01-24,333
22178,2011-01-31,482
22178,2011-02-07,242
22178,2011-02-14,133
22178,2011-02-21,510
22178,2011-02-28,406
22178,2011-03-07,290
22178,2011-03-14,654
22178,2011-03-21,526
22178,2011-03-28,952
22178,2011-04-04,493
22178,2011-04-11,626
22178,2011-04-18,645
22178,2011-04-25,95
22178,2011-05-02,600
22178,2011-05-09,596
22178,2011-05-16,763
22178,2011-05-23,608
22178,2011-05-30,739
22178,2011-06-06,543
22178,2011-06-13,276
22178,2011-06-20,122
22178,2011-06-27,349
22178,2011-07-04,590
22178,2011-07-11,154
22178,2011-07-18,532
22178,2011-07-25,236
22178,2011-08-01,824
22178,2011-08-08,308
22178,2011-08-15,318
22178,2011-08-22,456
22178,2011-08-29,493
22178,2011-09-05,230
22178,2011-09-12,248
22178,2011-09-19,425
22178,2011-09-26,90
22178,2011-10-03,1483
22178,2011-10-10,303
22178,2011-10-17,211
22178,2011-10-24,1246
22178,2011-10-31,359
22178,2011-11-07,288
22178,2011-11-14,449
22178,2011-11-21,373
22178,2011-11-28,755
22197,2010-12-06,1012
22197,2010-12-13,981
22197,2010-12-20,252
22197,2010-12-27,0
22197,2011-01-03,807
22197,2011-01-10,344
22197,2011-01-17,261
22197,2011-01-24,351
22197,2011-01-31,107
22197,2011-02-07,239
22197,2011-02-14,1040
22197,2011-02-21,1312
22197,2011-02-28,370
22197,2011-03-07,779
22197,2011-03-14,583
22197,2011-03-21,237
22197,2011-03-28,1042
22197,2011-04-04,564
22197,2011-04-11,784
22197,2011-04-18,232
22197,2011-04-25,310
22197,2011-05-02,372
22197,2011-05-09,381
22197,2011-05-16,1300
22197,2011-05-23,4562
22197,2011-05-30,533
22197,2011-06-06,410
22197,2011-06-13,437
22197,2011-06-20,345
22197,2011-06-27,430
22197,2011-07-04,636
22197,2011-07-11,157
22197,2011-07-18,621
22197,2011-07-25,436
22197,2011-08-01,2178
22197,2011-08-08,1735
22197,2011-08-15,518
22197,2011-08-22,826
22197,2011-08-29,956
22197,2011-09-05,516
22197,2011-09-12,570
22197,2011-09-19,682
22197,2011-09-26,1675
22197,2011-10-03,835
22197,2011-10-10,884
22197,2011-10-17,1164
22197,2011-10-24,2775
22197,2011-10-31,1156
22197,2011-11-07,3900
22197,2011-11-14,3145
22197,2011-11-21,2955
22197,2011-11-28,3275
22386,2010-12-06,270
22386,2010-12-13,107
22386,2010-12-20,9
22386,2010-12-27,0
22386,2011-01-03,543
22386,2011-01-10,323
22386,2011-01-17,73
22386,2011-01-24,199
22386,2011-01-31,225
22386,2011-02-07,95
22386,2011-02-14,409
22386,2011-02-21,260
22386,2011-02-28,174
22386,2011-03-07,374
22386,2011-03-14,1083
22386,2011-03-21,586
22386,2011-03-28,675
22386,2011-04-04,125
22386,2011-04-11,119
22386,2011-04-18,155
22386,2011-04-25,282
22386,2011-05-02,154
22386,2011-05-09,401
22386,2011-05-16,179
22386,2011-05-23,560
22386,2011-05-30,410
22386,2011-06-06,478
22386,2011-06-13,243
22386,2011-06-20,611
22386,2011-06-27,456
22386,2011-07-04,454
22386,2011-07-11,315
22386,2011-07-18,307
22386,2011-07-25,403
22386,2011-08-01,382
22386,2011-08-08,551
22386,2011-08-15,586
22386,2011-08-22,619
22386,2011-08-29,248
22386,2011-09-05,657
22386,2011-09-12,478
22386,2011-09-19,809
22386,2011-09-26,665
22386,2011-10-03,1649
22386,2011-10-10,437
22386,2011-10-17,334
22386,2011-10-24,743
22386,2011-10-31,313
22386,2011-11-07,516
22386,2011-11-14,522
22386,2011-11-21,253
22386,2011-11-28,436
22469,2010-12-06,869
22469,2010-12-13,404
22469,2010-12-20,204
22469,2010-12-27,0
22469,2011-01-03,366
22469,2011-01-10,1574
22469,2011-01-17,405
22469,2011-01-24,555
22469,2011-01-31,368
22469,2011-02-07,206
22469,2011-02-14,239
22469,2011-02-21,454
22469,2011-02-28,220
22469,2011-03-07,708
22469,2011-03-14,8
22469,2011-03-21,0
22469,2011-03-28,68
22469,2011-04-04,12
22469,2011-04-11,0
22469,2011-04-18,30
22469,2011-04-25,0
22469,2011-05-02,0
22469,2011-05-09,0
22469,2011-05-16,783
22469,2011-05-23,1205
22469,2011-05-30,421
22469,2011-06-06,366
22469,2011-06-13,261
22469,2011-06-20,154
22469,2011-06-27,236
22469,2011-07-04,336
22469,2011-07-11,317
22469,2011-07-18,302
22469,2011-07-25,125
22469,2011-08-01,199
22469,2011-08-08,149
22469,2011-08-15,78
22469,2011-08-22,117
22469,2011-08-29,130
22469,2011-09-05,237
22469,2011-09-12,359
22469,2011-09-19,1055
22469,2011-09-26,226
22469,2011-10-03,255
22469,2011-10-10,100
22469,2011-10-17,336
22469,2011-10-24,383
22469,2011-10-31,1042
22469,2011-11-07,305
22469,2011-11-14,361
22469,2011-11-21,213
22469,2011-11-28,809
22492,2010-12-06,1832
22492,2010-12-13,227
22492,2010-12-20,181
22492,2010-12-27,0
22492,2011-01-03,648
22492,2011-01-10,219
22492,2011-01-17,38
22492,2011-01-24,793
22492,2011-01-31,541
22492,2011-02-07,216
22492,2011-02-14,108
22492,2011-02-21,180
22492,2011-02-28,108
22492,2011-03-07,1261
22492,2011-03-14,792
22492,2011-03-21,252
22492,2011-03-28,427
22492,2011-04-04,324
22492,2011-04-11,216
22492,2011-04-18,800
22492,2011-04-25,180
22492,2011-05-02,216
22492,2011-05-09,795
22492,2011-05-16,469
22492,2011-05-23,288
22492,2011-05-30,108
22492,2011-06-06,361
22492,2011-06-13,761
22492,2011-06-20,219
22492,2011-06-27,72
22492,2011-07-04,432
22492,2011-07-11,794
22492,2011-07-18,396
22492,2011-07-25,252
22492,2011-08-01,291
22492,2011-08-08,180
22492,2011-08-15,792
22492,2011-08-22,324
22492,2011-08-29,1336
22492,2011-09-05,192
22492,2011-09-12,937
22492,2011-09-19,334
22492,2011-09-26,576
22492,2011-10-03,760
22492,2011-10-10,257
22492,2011-10-17,1334
22492,2011-10-24,792
22492,2011-10-31,226
22492,2011-11-07,1724
22492,2011-11-14,679
22492,2011-11-21,402
22492,2011-11-28,301
22616,2010-12-06,319
22616,2010-12-13,223
22616,2010-12-20,1423
22616,2010-12-27,0
22616,2011-01-03,110
22616,2011-01-10,101
22616,2011-01-17,85
22616,2011-01-24,169
22616,2011-01-31,968
22616,2011-02-07,611
22616,2011-02-14,1014
22616,2011-02-21,118
22616,2011-02-28,122
22616,2011-03-07,1420
22616,2011-03-14,1456
22616,2011-03-21,134
22616,2011-03-28,1432
22616,2011-04-04,610
22616,2011-04-11,402
22616,2011-04-18,93
22616,2011-04-25,216
22616,2011-05-02,128
22616,2011-05-09,130
22616,2011-05-16,1120
22616,2011-05-23,84
22616,2011-05-30,80
22616,2011-06-06,46
22616,2011-06-13,1512
22616,2011-06-20,280
22616,2011-06-27,537
22616,2011-07-04,75
22616,2011-07-11,78
22616,2011-07-18,936
22616,2011-07-25,172
22616,2011-08-01,1715
22616,2011-08-08,138
22616,2011-08-15,149
22616,2011-08-22,413
22616,2011-08-29,485
22616,2011-09-05,76
22616,2011-09-12,200
22616,2011-09-19,291
22616,2011-09-26,577
22616,2011-10-03,525
22616,2011-10-10,65
22616,2011-10-17,666
22616,2011-10-24,293
22616,2011-10-31,702
22616,2011-11-07,254
22616,2011-11-14,1351
22616,2011-11-21,101
22616,2011-11-28,636
22693,2010-12-06,24
22693,2010-12-13,2569
22693,2010-12-20,24
22693,2010-12-27,0
22693,2011-01-03,72
22693,2011-01-10,192
22693,2011-01-17,72
22693,2011-01-24,120
22693,2011-01-31,48
22693,2011-02-07,2451
22693,2011-02-14,1152
22693,2011-02-21,120
22693,2011-02-28,72
22693,2011-03-07,96
22693,2011-03-14,240
22693,2011-03-21,120
22693,2011-03-28,1128
22693,2011-04-04,146
22693,2011-04-11,1369
22693,2011-04-18,158
22693,2011-04-25,72
22693,2011-05-02,243
22693,2011-05-09,144
22693,2011-05-16,217
22693,2011-05-23,174
22693,2011-05-30,148
22693,2011-06-06,48
22693,2011-06-13,121
22693,2011-06-20,744
22693,2011-06-27,124
22693,2011-07-04,216
22693,2011-07-11,96
22693,2011-07-18,72
22693,2011-07-25,626
22693,2011-08-01,121
22693,2011-08-08,121
22693,2011-08-15,24
22693,2011-08-22,48
22693,2011-08-29,1
22693,2011-09-05,216
22693,2011-09-12,2
22693,2011-09-19,102
22693,2011-09-26,97
22693,2011-10-03,125
22693,2011-10-10,148
22693,2011-10-17,264
22693,2011-10-24,363
22693,2011-10-31,221
22693,2011-11-07,299
22693,2011-11-14,216
22693,2011-11-21,64
22693,2011-11-28,363
47566,2010-12-06,165
47566,2010-12-13,29
47566,2010-12-20,24
47566,2010-12-27,0
47566,2011-01-03,145
47566,2011-01-10,85
47566,2011-01-17,69
47566,2011-01-24,171
47566,2011-01-31,232
47566,2011-02-07,292
47566,2011-02-14,189
47566,2011-02-21,157
47566,2011-02-28,255
47566,2011-03-07,205
47566,2011-03-14,606
47566,2011-03-21,325
47566,2011-03-28,376
47566,2011-04-04,460
47566,2011-04-11,542
47566,2011-04-18,648
47566,2011-04-25,276
47566,2011-05-02,984
47566,2011-05-09,756
47566,2011-05-16,754
47566,2011-05-23,839
47566,2011-05-30,434
47566,2011-06-06,663
47566,2011-06-13,507
47566,2011-06-20,598
47566,2011-06-27,276
47566,2011-07-04,901
47566,2011-07-11,354
47566,2011-07-18,935
47566,2011-07-25,520
47566,2011-08-01,431
47566,2011-08-08,330
47566,2011-08-15,402
47566,2011-08-22,471
47566,2011-08-29,207
47566,2011-09-05,300
47566,2011-09-12,334
47566,2011-09-19,158
47566,2011-09-26,209
47566,2011-10-03,183
47566,2011-10-10,106
47566,2011-10-17,211
47566,2011-10-24,78
47566,2011-10-31,102
47566,2011-11-07,135
47566,2011-11-14,218
47566,2011-11-21,455
47566,2011-11-28,105
84077,2010-12-06,513
84077,2010-12-13,1173
84077,2010-12-20,100
84077,2010-12-27,0
84077,2011-01-03,625
84077,2011-01-10,289
84077,2011-01-17,0
84077,2011-01-24,530
84077,2011-01-31,2837
84077,2011-02-07,48
84077,2011-02-14,424
84077,2011-02-21,257
84077,2011-02-28,1680
84077,2011-03-07,1200
84077,2011-03-14,480
84077,2011-03-21,192
84077,2011-03-28,3216
84077,2011-04-04,392
84077,2011-04-11,2448
84077,2011-04-18,1927
84077,2011-04-25,2592
84077,2011-05-02,917
84077,2011-05-09,1248
84077,2011-05-16,1008
84077,2011-05-23,576
84077,2011-05-30,1445
84077,2011-06-06,480
84077,2011-06-13,145
84077,2011-06-20,961
84077,2011-06-27,291
84077,2011-07-04,1109
84077,2011-07-11,1104
84077,2011-07-18,726
84077,2011-07-25,823
84077,2011-08-01,98
84077,2011-08-08,577
84077,2011-08-15,528
84077,2011-08-22,1056
84077,2011-08-29,290
84077,2011-09-05,432
84077,2011-09-12,1296
84077,2011-09-19,587
84077,2011-09-26,1008
84077,2011-10-03,989
84077,2011-10-10,730
84077,2011-10-17,975
84077,2011-10-24,5328
84077,2011-10-31,974
84077,2011-11-07,1167
84077,2011-11-14,1170
84077,2011-11-21,915
84077,2011-11-28,689
84755,2010-12-06,144
84755,2010-12-13,160
84755,2010-12-20,8
84755,2010-12-27,0
84755,2011-01-03,232
84755,2011-01-10,56
84755,2011-01-17,216
84755,2011-01-24,92
84755,2011-01-31,48
84755,2011-02-07,208
84755,2011-02-14,176
84755,2011-02-21,297
84755,2011-02-28,164
84755,2011-03-07,472
84755,2011-03-14,172
84755,2011-03-21,264
84755,2011-03-28,150
84755,2011-04-04,236
84755,2011-04-11,632
84755,2011-04-18,604
84755,2011-04-25,298
84755,2011-05-02,792
84755,2011-05-09,724
84755,2011-05-16,722
84755,2011-05-23,676
84755,2011-05-30,496
84755,2011-06-06,572
84755,2011-06-13,632
84755,2011-06-20,196
84755,2011-06-27,520
84755,2011-07-04,496
84755,2011-07-11,332
84755,2011-07-18,520
84755,2011-07-25,306
84755,2011-08-01,228
84755,2011-08-08,688
84755,2011-08-15,204
84755,2011-08-22,464
84755,2011-08-29,272
84755,2011-09-05,380
84755,2011-09-12,392
84755,2011-09-19,244
84755,2011-09-26,48
84755,2011-10-03,288
84755,2011-10-10,64
84755,2011-10-17,196
84755,2011-10-24,112
84755,2011-10-31,108
84755,2011-11-07,324
84755,2011-11-14,152
84755,2011-11-21,348
84755,2011-11-28,40
84879,2010-12-06,789
84879,2010-12-13,638
84879,2010-12-20,40
84879,2010-12-27,0
84879,2011-01-03,480
84879,2011-01-10,442
84879,2011-01-17,139
84879,2011-01-24,344
84879,2011-01-31,937
84879,2011-02-07,160
84879,2011-02-14,588
84879,2011-02-21,328
84879,2011-02-28,213
84879,2011-03-07,642
84879,2011-03-14,968
84879,2011-03-21,391
84879,2011-03-28,585
84879,2011-04-04,753
84879,2011-04-11,815
84879,2011-04-18,612
84879,2011-04-25,264
84879,2011-05-02,594
84879,2011-05-09,1201
84879,2011-05-16,595
84879,2011-05-23,565
84879,2011-05-30,384
84879,2011-06-06,292
84879,2011-06-13,446
84879,2011-06-20,270
84879,2011-06-27,292
84879,2011-07-04,460
84879,2011-07-11,372
84879,2011-07-18,519
84879,2011-07-25,478
84879,2011-08-01,3800
84879,2011-08-08,1323
84879,2011-08-15,556
84879,2011-08-22,850
84879,2011-08-29,216
84879,2011-09-05,488
84879,2011-09-12,908
84879,2011-09-19,701
84879,2011-09-26,799
84879,2011-10-03,589
84879,2011-10-10,420
84879,2011-10-17,829
84879,2011-10-24,778
84879,2011-10-31,968
84879,2011-11-07,1748
84879,2011-11-14,1326
84879,2011-11-21,1037
84879,2011-11-28,953
84991,2010-12-06,266
84991,2010-12-13,429
84991,2010-12-20,607
84991,2010-12-27,0
84991,2011-01-03,170
84991,2011-01-10,294
84991,2011-01-17,274
84991,2011-01-24,172
84991,2011-01-31,385
84991,2011-02-07,83
84991,2011-02-14,259
84991,2011-02-21,194
84991,2011-02-28,134
84991,2011-03-07,598
84991,2011-03-14,538
84991,2011-03-21,239
84991,2011-03-28,736
84991,2011-04-04,271
84991,2011-04-11,477
84991,2011-04-18,1182
84991,2011-04-25,246
84991,2011-05-02,265
84991,2011-05-09,532
84991,2011-05-16,232
84991,2011-05-23,301
84991,2011-05-30,136
84991,2011-06-06,90
84991,2011-06-13,304
84991,2011-06-20,94
84991,2011-06-27,185
84991,2011-07-04,645
84991,2011-07-11,133
84991,2011-07-18,124
84991,2011-07-25,402
84991,2011-08-01,248
84991,2011-08-08,340
84991,2011-08-15,648
84991,2011-08-22,155
84991,2011-08-29,141
84991,2011-09-05,910
84991,2011-09-12,733
84991,2011-09-19,426
84991,2011-09-26,220
84991,2011-10-03,157
84991,2011-10-10,193
84991,2011-10-17,729
84991,2011-10-24,440
84991,2011-10-31,263
84991,2011-11-07,197
84991,2011-11-14,547
84991,2011-11-21,360
84991,2011-11-28,136
85099B,2010-12-06,852
85099B,2010-12-13,427
85099B,2010-12-20,180
85099B,2010-12-27,0
85099B,2011-01-03,1374
85099B,2011-01-10,225
85099B,2011-01-17,594
85099B,2011-01-24,502
85099B,2011-01-31,965
85099B,2011-02-07,288
85099B,2011-02-14,985
85099B,2011-02-21,810
85099B,2011-02-28,624
85099B,2011-03-07,738
85099B,2011-03-14,1546
85099B,2011-03-21,1379
85099B,2011-03-28,1103
85099B,2011-04-04,975
85099B,2011-04-11,616
85099B,2011-04-18,549
85099B,2011-04-25,385
85099B,2011-05-02,380
85099B,2011-05-09,1206
85099B,2011-05-16,978
85099B,2011-05-23,933
85099B,2011-05-30,273
85099B,2011-06-06,883
85099B,2011-06-13,959
85099B,2011-06-20,841
85099B,2011-06-27,815
85099B,2011-07-04,1364
85099B,2011-07-11,431
85099B,2011-07-18,733
85099B,2011-07-25,540
85099B,2011-08-01,1050
85099B,2011-08-08,1373
85099B,2011-08-15,1356
85099B,2011-08-22,1518
85099B,2011-08-29,717
85099B,2011-09-05,556
85099B,2011-09-12,743
85099B,2011-09-19,1667
85099B,2011-09-26,929
85099B,2011-10-03,2709
85099B,2011-10-10,947
85099B,2011-10-17,1045
85099B,2011-10-24,600
85099B,2011-10-31,1063
85099B,2011-11-07,2200
85099B,2011-11-14,1602
85099B,2011-11-21,753
85099B,2011-11-28,1050
85099F,2010-12-06,151
85099F,2010-12-13,228
85099F,2010-12-20,8
85099F,2010-12-27,0
85099F,2011-01-03,684
85099F,2011-01-10,341
85099F,2011-01-17,269
85099F,2011-01-24,93
85099F,2011-01-31,381
85099F,2011-02-07,70
85099F,2011-02-14,248
85099F,2011-02-21,276
85099F,2011-02-28,285
85099F,2011-03-07,401
85099F,2011-03-14,1012
85099F,2011-03-21,676
85099F,2011-03-28,742
85099F,2011-04-04,266
85099F,2011-04-11,166
85099F,2011-04-18,6
85099F,2011-04-25,100
85099F,2011-05-02,0
85099F,2011-05-09,428
85099F,2011-05-16,142
85099F,2011-05-23,423
85099F,2011-05-30,407
85099F,2011-06-06,433
85099F,2011-06-13,234
85099F,2011-06-20,605
85099F,2011-06-27,351
85099F,2011-07-04,513
85099F,2011-07-11,29
85099F,2011-07-18,140
85099F,2011-07-25,434
85099F,2011-08-01,547
85099F,2011-08-08,320
85099F,2011-08-15,328
85099F,2011-08-22,872
85099F,2011-08-29,278
85099F,2011-09-05,189
85099F,2011-09-12,302
85099F,2011-09-19,579
85099F,2011-09-26,206
85099F,2011-10-03,1172
85099F,2011-10-10,171
85099F,2011-10-17,433
85099F,2011-10-24,30
85099F,2011-10-31,203
85099F,2011-11-07,311
85099F,2011-11-14,196
85099F,2011-11-21,52
85099F,2011-11-28,436
85123A,2010-12-06,1045
85123A,2010-12-13,1524
85123A,2010-12-20,197
85123A,2010-12-27,0
85123A,2011-01-03,973
85123A,2011-01-10,3329
85123A,2011-01-17,661
85123A,2011-01-24,541
85123A,2011-01-31,586
85123A,2011-02-07,517
85123A,2011-02-14,365
85123A,2011-02-21,401
85123A,2011-02-28,380
85123A,2011-03-07,454
85123A,2011-03-14,464
85123A,2011-03-21,365
85123A,2011-03-28,582
85123A,2011-04-04,374
85123A,2011-04-11,474
85123A,2011-04-18,2422
85123A,2011-04-25,375
85123A,2011-05-02,1144
85123A,2011-05-09,873
85123A,2011-05-16,783
85123A,2011-05-23,1026
85123A,2011-05-30,628
85123A,2011-06-06,389
85123A,2011-06-13,389
85123A,2011-06-20,236
85123A,2011-06-27,258
85123A,2011-07-04,258
85123A,2011-07-11,1195
85123A,2011-07-18,719
85123A,2011-07-25,780
85123A,2011-08-01,441
85123A,2011-08-08,466
85123A,2011-08-15,296
85123A,2011-08-22,772
85123A,2011-08-29,394
85123A,2011-09-05,440
85123A,2011-09-12,658
85123A,2011-09-19,705
85123A,2011-09-26,402
85123A,2011-10-03,165
85123A,2011-10-10,679
85123A,2011-10-17,231
85123A,2011-10-24,444
85123A,2011-10-31,1704
85123A,2011-11-07,575
85123A,2011-11-14,1322
85123A,2011-11-21,898
85123A,2011-11-28,726
