StockCode,week_start,units,last_week,moving_average_4,split
15036,2010-12-06,21,,,train
15036,2010-12-13,35,21.0,,train
15036,2010-12-20,30,35.0,,train
15036,2010-12-27,0,30.0,,train
15036,2011-01-03,18,0.0,21.5,train
15036,2011-01-10,159,18.0,20.75,train
15036,2011-01-17,39,159.0,51.75,train
15036,2011-01-24,112,39.0,54.0,train
15036,2011-01-31,1913,112.0,82.0,train
15036,2011-02-07,68,1913.0,555.75,train
15036,2011-02-14,762,68.0,533.0,train
15036,2011-02-21,128,762.0,713.75,train
15036,2011-02-28,91,128.0,717.75,train
15036,2011-03-07,369,91.0,262.25,train
15036,2011-03-14,1342,369.0,337.5,train
15036,2011-03-21,99,1342.0,482.5,train
15036,2011-03-28,1253,99.0,475.25,train
15036,2011-04-04,147,1253.0,765.75,train
15036,2011-04-11,864,147.0,710.25,train
15036,2011-04-18,174,864.0,590.75,train
15036,2011-04-25,793,174.0,609.5,train
15036,2011-05-02,972,793.0,494.5,train
15036,2011-05-09,1618,972.0,700.75,train
15036,2011-05-16,1643,1618.0,889.25,train
15036,2011-05-23,397,1643.0,1256.5,train
15036,2011-05-30,193,397.0,1157.5,train
15036,2011-06-06,1610,193.0,962.75,train
15036,2011-06-13,1285,1610.0,960.75,train
15036,2011-06-20,169,1285.0,871.25,train
15036,2011-06-27,167,169.0,814.25,train
15036,2011-07-04,1938,167.0,807.75,train
15036,2011-07-11,352,1938.0,889.75,train
15036,2011-07-18,510,352.0,656.5,validation
15036,2011-07-25,638,510.0,741.75,validation
15036,2011-08-01,943,638.0,859.5,validation
15036,2011-08-08,268,943.0,610.75,validation
15036,2011-08-15,60,268.0,589.75,validation
15036,2011-08-22,60,60.0,477.25,validation
15036,2011-08-29,181,60.0,332.75,validation
15036,2011-09-05,215,181.0,142.25,validation
15036,2011-09-12,64,215.0,129.0,test
15036,2011-09-19,93,64.0,130.0,test
15036,2011-09-26,30,93.0,138.25,test
15036,2011-10-03,721,30.0,100.5,test
15036,2011-10-10,224,721.0,227.0,test
15036,2011-10-17,194,224.0,267.0,test
15036,2011-10-24,101,194.0,292.25,test
15036,2011-10-31,83,101.0,310.0,test
15036,2011-11-07,107,83.0,150.5,test
15036,2011-11-14,104,107.0,121.25,test
15036,2011-11-21,237,104.0,98.75,test
15036,2011-11-28,143,237.0,132.75,test
17003,2010-12-06,263,,,train
17003,2010-12-13,90,263.0,,train
17003,2010-12-20,0,90.0,,train
17003,2010-12-27,0,0.0,,train
17003,2011-01-03,864,0.0,88.25,train
17003,2011-01-10,8,864.0,238.5,train
17003,2011-01-17,831,8.0,218.0,train
17003,2011-01-24,1440,831.0,425.75,train
17003,2011-01-31,146,1440.0,785.75,train
17003,2011-02-07,0,146.0,606.25,train
17003,2011-02-14,290,0.0,604.25,train
17003,2011-02-21,0,290.0,469.0,train
17003,2011-02-28,144,0.0,109.0,train
17003,2011-03-07,252,144.0,108.5,train
17003,2011-03-14,2196,252.0,171.5,train
17003,2011-03-21,48,2196.0,648.0,train
17003,2011-03-28,769,48.0,660.0,train
17003,2011-04-04,146,769.0,816.25,train
17003,2011-04-11,73,146.0,789.75,train
17003,2011-04-18,11,73.0,259.0,train
17003,2011-04-25,267,11.0,249.75,train
17003,2011-05-02,78,267.0,124.25,train
17003,2011-05-09,510,78.0,107.25,train
17003,2011-05-16,792,510.0,216.5,train
17003,2011-05-23,793,792.0,411.75,train
17003,2011-05-30,360,793.0,543.25,train
17003,2011-06-06,913,360.0,613.75,train
17003,2011-06-13,837,913.0,714.5,train
17003,2011-06-20,864,837.0,725.75,train
17003,2011-06-27,88,864.0,743.5,train
17003,2011-07-04,318,88.0,675.5,train
17003,2011-07-11,1012,318.0,526.75,train
17003,2011-07-18,289,1012.0,570.5,validation
17003,2011-07-25,149,289.0,426.75,validation
17003,2011-08-01,146,149.0,442.0,validation
17003,2011-08-08,144,146.0,399.0,validation
17003,2011-08-15,78,144.0,182.0,validation
17003,2011-08-22,940,78.0,129.25,validation
17003,2011-08-29,291,940.0,327.0,validation
17003,2011-09-05,180,291.0,363.25,validation
17003,2011-09-12,109,180.0,372.25,test
17003,2011-09-19,857,109.0,380.0,test
17003,2011-09-26,931,857.0,359.25,test
17003,2011-10-03,376,931.0,519.25,test
17003,2011-10-10,72,376.0,568.25,test
17003,2011-10-17,204,72.0,559.0,test
17003,2011-10-24,1684,204.0,395.75,test
17003,2011-10-31,100,1684.0,584.0,test
17003,2011-11-07,109,100.0,515.0,test
17003,2011-11-14,315,109.0,524.25,test
17003,2011-11-21,474,315.0,552.0,test
17003,2011-11-28,130,474.0,249.5,test
20725,2010-12-06,283,,,train
20725,2010-12-13,187,283.0,,train
20725,2010-12-20,44,187.0,,train
20725,2010-12-27,0,44.0,,train
20725,2011-01-03,462,0.0,128.5,train
20725,2011-01-10,642,462.0,173.25,train
20725,2011-01-17,128,642.0,287.0,train
20725,2011-01-24,171,128.0,308.0,train
20725,2011-01-31,417,171.0,350.75,train
20725,2011-02-07,255,417.0,339.5,train
20725,2011-02-14,291,255.0,242.75,train
20725,2011-02-21,369,291.0,283.5,train
20725,2011-02-28,175,369.0,333.0,train
20725,2011-03-07,148,175.0,272.5,train
20725,2011-03-14,278,148.0,245.75,train
20725,2011-03-21,379,278.0,242.5,train
20725,2011-03-28,587,379.0,245.0,train
20725,2011-04-04,247,587.0,348.0,train
20725,2011-04-11,305,247.0,372.75,train
20725,2011-04-18,368,305.0,379.5,train
20725,2011-04-25,164,368.0,376.75,train
20725,2011-05-02,289,164.0,271.0,train
20725,2011-05-09,885,289.0,281.5,train
20725,2011-05-16,445,885.0,426.5,train
20725,2011-05-23,684,445.0,445.75,train
20725,2011-05-30,184,684.0,575.75,train
20725,2011-06-06,585,184.0,549.5,train
20725,2011-06-13,448,585.0,474.5,train
20725,2011-06-20,238,448.0,475.25,train
20725,2011-06-27,303,238.0,363.75,train
20725,2011-07-04,440,303.0,393.5,train
20725,2011-07-11,231,440.0,357.25,train
20725,2011-07-18,596,231.0,303.0,validation
20725,2011-07-25,385,596.0,392.5,validation
20725,2011-08-01,603,385.0,413.0,validation
20725,2011-08-08,725,603.0,453.75,validation
20725,2011-08-15,433,725.0,577.25,validation
20725,2011-08-22,341,433.0,536.5,validation
20725,2011-08-29,202,341.0,525.5,validation
20725,2011-09-05,524,202.0,425.25,validation
20725,2011-09-12,329,524.0,375.0,test
20725,2011-09-19,492,329.0,349.0,test
20725,2011-09-26,318,492.0,386.75,test
20725,2011-10-03,322,318.0,415.75,test
20725,2011-10-10,443,322.0,365.25,test
20725,2011-10-17,276,443.0,393.75,test
20725,2011-10-24,314,276.0,339.75,test
20725,2011-10-31,323,314.0,338.75,test
20725,2011-11-07,556,323.0,339.0,test
20725,2011-11-14,650,556.0,367.25,test
20725,2011-11-21,276,650.0,460.75,test
20725,2011-11-28,331,276.0,451.25,test
21212,2010-12-06,1104,,,train
21212,2010-12-13,664,1104.0,,train
21212,2010-12-20,1363,664.0,,train
21212,2010-12-27,0,1363.0,,train
21212,2011-01-03,324,0.0,782.75,train
21212,2011-01-10,619,324.0,587.75,train
21212,2011-01-17,1753,619.0,576.5,train
21212,2011-01-24,557,1753.0,674.0,train
21212,2011-01-31,558,557.0,813.25,train
21212,2011-02-07,347,558.0,871.75,train
21212,2011-02-14,526,347.0,803.75,train
21212,2011-02-21,718,526.0,497.0,train
21212,2011-02-28,689,718.0,537.25,train
21212,2011-03-07,814,689.0,570.0,train
21212,2011-03-14,1303,814.0,686.75,train
21212,2011-03-21,527,1303.0,881.0,train
21212,2011-03-28,785,527.0,833.25,train
21212,2011-04-04,669,785.0,857.25,train
21212,2011-04-11,600,669.0,821.0,train
21212,2011-04-18,1421,600.0,645.25,train
21212,2011-04-25,315,1421.0,868.75,train
21212,2011-05-02,788,315.0,751.25,train
21212,2011-05-09,1647,788.0,781.0,train
21212,2011-05-16,599,1647.0,1042.75,train
21212,2011-05-23,360,599.0,837.25,train
21212,2011-05-30,229,360.0,848.5,train
21212,2011-06-06,619,229.0,708.75,train
21212,2011-06-13,856,619.0,451.75,train
21212,2011-06-20,181,856.0,516.0,train
21212,2011-06-27,123,181.0,471.25,train
21212,2011-07-04,1112,123.0,444.75,train
21212,2011-07-11,253,1112.0,568.0,train
21212,2011-07-18,335,253.0,417.25,validation
21212,2011-07-25,1083,335.0,455.75,validation
21212,2011-08-01,445,1083.0,695.75,validation
21212,2011-08-08,335,445.0,529.0,validation
21212,2011-08-15,1650,335.0,549.5,validation
21212,2011-08-22,508,1650.0,878.25,validation
21212,2011-08-29,459,508.0,734.5,validation
21212,2011-09-05,712,459.0,738.0,validation
21212,2011-09-12,955,712.0,832.25,test
21212,2011-09-19,1028,955.0,658.5,test
21212,2011-09-26,359,1028.0,788.5,test
21212,2011-10-03,477,359.0,763.5,test
21212,2011-10-10,499,477.0,704.75,test
21212,2011-10-17,507,499.0,590.75,test
21212,2011-10-24,521,507.0,460.5,test
21212,2011-10-31,1042,521.0,501.0,test
21212,2011-11-07,362,1042.0,642.25,test
21212,2011-11-14,590,362.0,608.0,test
21212,2011-11-21,342,590.0,628.75,test
21212,2011-11-28,546,342.0,584.0,test
21977,2010-12-06,232,,,train
21977,2010-12-13,549,232.0,,train
21977,2010-12-20,534,549.0,,train
21977,2010-12-27,0,534.0,,train
21977,2011-01-03,179,0.0,328.75,train
21977,2011-01-10,107,179.0,315.5,train
21977,2011-01-17,154,107.0,205.0,train
21977,2011-01-24,144,154.0,110.0,train
21977,2011-01-31,811,144.0,146.0,train
21977,2011-02-07,75,811.0,304.0,train
21977,2011-02-14,464,75.0,296.0,train
21977,2011-02-21,239,464.0,373.5,train
21977,2011-02-28,276,239.0,397.25,train
21977,2011-03-07,684,276.0,263.5,train
21977,2011-03-14,1127,684.0,415.75,train
21977,2011-03-21,408,1127.0,581.5,train
21977,2011-03-28,386,408.0,623.75,train
21977,2011-04-04,159,386.0,651.25,train
21977,2011-04-11,751,159.0,520.0,train
21977,2011-04-18,1321,751.0,426.0,train
21977,2011-04-25,255,1321.0,654.25,train
21977,2011-05-02,555,255.0,621.5,train
21977,2011-05-09,498,555.0,720.5,train
21977,2011-05-16,173,498.0,657.25,train
21977,2011-05-23,2825,173.0,370.25,train
21977,2011-05-30,20,2825.0,1012.75,train
21977,2011-06-06,337,20.0,879.0,train
21977,2011-06-13,471,337.0,838.75,train
21977,2011-06-20,545,471.0,913.25,train
21977,2011-06-27,160,545.0,343.25,train
21977,2011-07-04,117,160.0,378.25,train
21977,2011-07-11,191,117.0,323.25,train
21977,2011-07-18,1331,191.0,253.25,validation
21977,2011-07-25,742,1331.0,449.75,validation
21977,2011-08-01,271,742.0,595.25,validation
21977,2011-08-08,248,271.0,633.75,validation
21977,2011-08-15,879,248.0,648.0,validation
21977,2011-08-22,876,879.0,535.0,validation
21977,2011-08-29,205,876.0,568.5,validation
21977,2011-09-05,664,205.0,552.0,validation
21977,2011-09-12,790,664.0,656.0,test
21977,2011-09-19,402,790.0,633.75,test
21977,2011-09-26,213,402.0,515.25,test
21977,2011-10-03,877,213.0,517.25,test
21977,2011-10-10,270,877.0,570.5,test
21977,2011-10-17,118,270.0,440.5,test
21977,2011-10-24,98,118.0,369.5,test
21977,2011-10-31,158,98.0,340.75,test
21977,2011-11-07,303,158.0,161.0,test
21977,2011-11-14,415,303.0,169.25,test
21977,2011-11-21,392,415.0,243.5,test
21977,2011-11-28,239,392.0,317.0,test
22178,2010-12-06,525,,,train
22178,2010-12-13,593,525.0,,train
22178,2010-12-20,130,593.0,,train
22178,2010-12-27,0,130.0,,train
22178,2011-01-03,396,0.0,312.0,train
22178,2011-01-10,204,396.0,279.75,train
22178,2011-01-17,339,204.0,182.5,train
22178,2011-01-24,333,339.0,234.75,train
22178,2011-01-31,482,333.0,318.0,train
22178,2011-02-07,242,482.0,339.5,train
22178,2011-02-14,133,242.0,349.0,train
22178,2011-02-21,510,133.0,297.5,train
22178,2011-02-28,406,510.0,341.75,train
22178,2011-03-07,290,406.0,322.75,train
22178,2011-03-14,654,290.0,334.75,train
22178,2011-03-21,526,654.0,465.0,train
22178,2011-03-28,952,526.0,469.0,train
22178,2011-04-04,493,952.0,605.5,train
22178,2011-04-11,626,493.0,656.25,train
22178,2011-04-18,645,626.0,649.25,train
22178,2011-04-25,95,645.0,679.0,train
22178,2011-05-02,600,95.0,464.75,train
22178,2011-05-09,596,600.0,491.5,train
22178,2011-05-16,763,596.0,484.0,train
22178,2011-05-23,608,763.0,513.5,train
22178,2011-05-30,739,608.0,641.75,train
22178,2011-06-06,543,739.0,676.5,train
22178,2011-06-13,276,543.0,663.25,train
22178,2011-06-20,122,276.0,541.5,train
22178,2011-06-27,349,122.0,420.0,train
22178,2011-07-04,590,349.0,322.5,train
22178,2011-07-11,154,590.0,334.25,train
22178,2011-07-18,532,154.0,303.75,validation
22178,2011-07-25,236,532.0,406.25,validation
22178,2011-08-01,824,236.0,378.0,validation
22178,2011-08-08,308,824.0,436.5,validation
22178,2011-08-15,318,308.0,475.0,validation
22178,2011-08-22,456,318.0,421.5,validation
22178,2011-08-29,493,456.0,476.5,validation
22178,2011-09-05,230,493.0,393.75,validation
22178,2011-09-12,248,230.0,374.25,test
22178,2011-09-19,425,248.0,356.75,test
22178,2011-09-26,90,425.0,349.0,test
22178,2011-10-03,1483,90.0,248.25,test
22178,2011-10-10,303,1483.0,561.5,test
22178,2011-10-17,211,303.0,575.25,test
22178,2011-10-24,1246,211.0,521.75,test
22178,2011-10-31,359,1246.0,810.75,test
22178,2011-11-07,288,359.0,529.75,test
22178,2011-11-14,449,288.0,526.0,test
22178,2011-11-21,373,449.0,585.5,test
22178,2011-11-28,755,373.0,367.25,test
22197,2010-12-06,1012,,,train
22197,2010-12-13,981,1012.0,,train
22197,2010-12-20,252,981.0,,train
22197,2010-12-27,0,252.0,,train
22197,2011-01-03,807,0.0,561.25,train
22197,2011-01-10,344,807.0,510.0,train
22197,2011-01-17,261,344.0,350.75,train
22197,2011-01-24,351,261.0,353.0,train
22197,2011-01-31,107,351.0,440.75,train
22197,2011-02-07,239,107.0,265.75,train
22197,2011-02-14,1040,239.0,239.5,train
22197,2011-02-21,1312,1040.0,434.25,train
22197,2011-02-28,370,1312.0,674.5,train
22197,2011-03-07,779,370.0,740.25,train
22197,2011-03-14,583,779.0,875.25,train
22197,2011-03-21,237,583.0,761.0,train
22197,2011-03-28,1042,237.0,492.25,train
22197,2011-04-04,564,1042.0,660.25,train
22197,2011-04-11,784,564.0,606.5,train
22197,2011-04-18,232,784.0,656.75,train
22197,2011-04-25,310,232.0,655.5,train
22197,2011-05-02,372,310.0,472.5,train
22197,2011-05-09,381,372.0,424.5,train
22197,2011-05-16,1300,381.0,323.75,train
22197,2011-05-23,4562,1300.0,590.75,train
22197,2011-05-30,533,4562.0,1653.75,train
22197,2011-06-06,410,533.0,1694.0,train
22197,2011-06-13,437,410.0,1701.25,train
22197,2011-06-20,345,437.0,1485.5,train
22197,2011-06-27,430,345.0,431.25,train
22197,2011-07-04,636,430.0,405.5,train
22197,2011-07-11,157,636.0,462.0,train
22197,2011-07-18,621,157.0,392.0,validation
22197,2011-07-25,436,621.0,461.0,validation
22197,2011-08-01,2178,436.0,462.5,validation
22197,2011-08-08,1735,2178.0,848.0,validation
22197,2011-08-15,518,1735.0,1242.5,validation
22197,2011-08-22,826,518.0,1216.75,validation
22197,2011-08-29,956,826.0,1314.25,validation
22197,2011-09-05,516,956.0,1008.75,validation
22197,2011-09-12,570,516.0,704.0,test
22197,2011-09-19,682,570.0,717.0,test
22197,2011-09-26,1675,682.0,681.0,test
22197,2011-10-03,835,1675.0,860.75,test
22197,2011-10-10,884,835.0,940.5,test
22197,2011-10-17,1164,884.0,1019.0,test
22197,2011-10-24,2775,1164.0,1139.5,test
22197,2011-10-31,1156,2775.0,1414.5,test
22197,2011-11-07,3900,1156.0,1494.75,test
22197,2011-11-14,3145,3900.0,2248.75,test
22197,2011-11-21,2955,3145.0,2744.0,test
22197,2011-11-28,3275,2955.0,2789.0,test
22386,2010-12-06,270,,,train
22386,2010-12-13,107,270.0,,train
22386,2010-12-20,9,107.0,,train
22386,2010-12-27,0,9.0,,train
22386,2011-01-03,543,0.0,96.5,train
22386,2011-01-10,323,543.0,164.75,train
22386,2011-01-17,73,323.0,218.75,train
22386,2011-01-24,199,73.0,234.75,train
22386,2011-01-31,225,199.0,284.5,train
22386,2011-02-07,95,225.0,205.0,train
22386,2011-02-14,409,95.0,148.0,train
22386,2011-02-21,260,409.0,232.0,train
22386,2011-02-28,174,260.0,247.25,train
22386,2011-03-07,374,174.0,234.5,train
22386,2011-03-14,1083,374.0,304.25,train
22386,2011-03-21,586,1083.0,472.75,train
22386,2011-03-28,675,586.0,554.25,train
22386,2011-04-04,125,675.0,679.5,train
22386,2011-04-11,119,125.0,617.25,train
22386,2011-04-18,155,119.0,376.25,train
22386,2011-04-25,282,155.0,268.5,train
22386,2011-05-02,154,282.0,170.25,train
22386,2011-05-09,401,154.0,177.5,train
22386,2011-05-16,179,401.0,248.0,train
22386,2011-05-23,560,179.0,254.0,train
22386,2011-05-30,410,560.0,323.5,train
22386,2011-06-06,478,410.0,387.5,train
22386,2011-06-13,243,478.0,406.75,train
22386,2011-06-20,611,243.0,422.75,train
22386,2011-06-27,456,611.0,435.5,train
22386,2011-07-04,454,456.0,447.0,train
22386,2011-07-11,315,454.0,441.0,train
22386,2011-07-18,307,315.0,459.0,validation
22386,2011-07-25,403,307.0,383.0,validation
22386,2011-08-01,382,403.0,369.75,validation
22386,2011-08-08,551,382.0,351.75,validation
22386,2011-08-15,586,551.0,410.75,validation
22386,2011-08-22,619,586.0,480.5,validation
22386,2011-08-29,248,619.0,534.5,validation
22386,2011-09-05,657,248.0,501.0,validation
22386,2011-09-12,478,657.0,527.5,test
22386,2011-09-19,809,478.0,500.5,test
22386,2011-09-26,665,809.0,548.0,test
22386,2011-10-03,1649,665.0,652.25,test
22386,2011-10-10,437,1649.0,900.25,test
22386,2011-10-17,334,437.0,890.0,test
22386,2011-10-24,743,334.0,771.25,test
22386,2011-10-31,313,743.0,790.75,test
22386,2011-11-07,516,313.0,456.75,test
22386,2011-11-14,522,516.0,476.5,test
22386,2011-11-21,253,522.0,523.5,test
22386,2011-11-28,436,253.0,401.0,test
22469,2010-12-06,869,,,train
22469,2010-12-13,404,869.0,,train
22469,2010-12-20,204,404.0,,train
22469,2010-12-27,0,204.0,,train
22469,2011-01-03,366,0.0,369.25,train
22469,2011-01-10,1574,366.0,243.5,train
22469,2011-01-17,405,1574.0,536.0,train
22469,2011-01-24,555,405.0,586.25,train
22469,2011-01-31,368,555.0,725.0,train
22469,2011-02-07,206,368.0,725.5,train
22469,2011-02-14,239,206.0,383.5,train
22469,2011-02-21,454,239.0,342.0,train
22469,2011-02-28,220,454.0,316.75,train
22469,2011-03-07,708,220.0,279.75,train
22469,2011-03-14,8,708.0,405.25,train
22469,2011-03-21,0,8.0,347.5,train
22469,2011-03-28,68,0.0,234.0,train
22469,2011-04-04,12,68.0,196.0,train
22469,2011-04-11,0,12.0,22.0,train
22469,2011-04-18,30,0.0,20.0,train
22469,2011-04-25,0,30.0,27.5,train
22469,2011-05-02,0,0.0,10.5,train
22469,2011-05-09,0,0.0,7.5,train
22469,2011-05-16,783,0.0,7.5,train
22469,2011-05-23,1205,783.0,195.75,train
22469,2011-05-30,421,1205.0,497.0,train
22469,2011-06-06,366,421.0,602.25,train
22469,2011-06-13,261,366.0,693.75,train
22469,2011-06-20,154,261.0,563.25,train
22469,2011-06-27,236,154.0,300.5,train
22469,2011-07-04,336,236.0,254.25,train
22469,2011-07-11,317,336.0,246.75,train
22469,2011-07-18,302,317.0,260.75,validation
22469,2011-07-25,125,302.0,297.75,validation
22469,2011-08-01,199,125.0,270.0,validation
22469,2011-08-08,149,199.0,235.75,validation
22469,2011-08-15,78,149.0,193.75,validation
22469,2011-08-22,117,78.0,137.75,validation
22469,2011-08-29,130,117.0,135.75,validation
22469,2011-09-05,237,130.0,118.5,validation
22469,2011-09-12,359,237.0,140.5,test
22469,2011-09-19,1055,359.0,210.75,test
22469,2011-09-26,226,1055.0,445.25,test
22469,2011-10-03,255,226.0,469.25,test
22469,2011-10-10,100,255.0,473.75,test
22469,2011-10-17,336,100.0,409.0,test
22469,2011-10-24,383,336.0,229.25,test
22469,2011-10-31,1042,383.0,268.5,test
22469,2011-11-07,305,1042.0,465.25,test
22469,2011-11-14,361,305.0,516.5,test
22469,2011-11-21,213,361.0,522.75,test
22469,2011-11-28,809,213.0,480.25,test
22492,2010-12-06,1832,,,train
22492,2010-12-13,227,1832.0,,train
22492,2010-12-20,181,227.0,,train
22492,2010-12-27,0,181.0,,train
22492,2011-01-03,648,0.0,560.0,train
22492,2011-01-10,219,648.0,264.0,train
22492,2011-01-17,38,219.0,262.0,train
22492,2011-01-24,793,38.0,226.25,train
22492,2011-01-31,541,793.0,424.5,train
22492,2011-02-07,216,541.0,397.75,train
22492,2011-02-14,108,216.0,397.0,train
22492,2011-02-21,180,108.0,414.5,train
22492,2011-02-28,108,180.0,261.25,train
22492,2011-03-07,1261,108.0,153.0,train
22492,2011-03-14,792,1261.0,414.25,train
22492,2011-03-21,252,792.0,585.25,train
22492,2011-03-28,427,252.0,603.25,train
22492,2011-04-04,324,427.0,683.0,train
22492,2011-04-11,216,324.0,448.75,train
22492,2011-04-18,800,216.0,304.75,train
22492,2011-04-25,180,800.0,441.75,train
22492,2011-05-02,216,180.0,380.0,train
22492,2011-05-09,795,216.0,353.0,train
22492,2011-05-16,469,795.0,497.75,train
22492,2011-05-23,288,469.0,415.0,train
22492,2011-05-30,108,288.0,442.0,train
22492,2011-06-06,361,108.0,415.0,train
22492,2011-06-13,761,361.0,306.5,train
22492,2011-06-20,219,761.0,379.5,train
22492,2011-06-27,72,219.0,362.25,train
22492,2011-07-04,432,72.0,353.25,train
22492,2011-07-11,794,432.0,371.0,train
22492,2011-07-18,396,794.0,379.25,validation
22492,2011-07-25,252,396.0,423.5,validation
22492,2011-08-01,291,252.0,468.5,validation
22492,2011-08-08,180,291.0,433.25,validation
22492,2011-08-15,792,180.0,279.75,validation
22492,2011-08-22,324,792.0,378.75,validation
22492,2011-08-29,1336,324.0,396.75,validation
22492,2011-09-05,192,1336.0,658.0,validation
22492,2011-09-12,937,192.0,661.0,test
22492,2011-09-19,334,937.0,697.25,test
22492,2011-09-26,576,334.0,699.75,test
22492,2011-10-03,760,576.0,509.75,test
22492,2011-10-10,257,760.0,651.75,test
22492,2011-10-17,1334,257.0,481.75,test
22492,2011-10-24,792,1334.0,731.75,test
22492,2011-10-31,226,792.0,785.75,test
22492,2011-11-07,1724,226.0,652.25,test
22492,2011-11-14,679,1724.0,1019.0,test
22492,2011-11-21,402,679.0,855.25,test
22492,2011-11-28,301,402.0,757.75,test
22616,2010-12-06,319,,,train
22616,2010-12-13,223,319.0,,train
22616,2010-12-20,1423,223.0,,train
22616,2010-12-27,0,1423.0,,train
22616,2011-01-03,110,0.0,491.25,train
22616,2011-01-10,101,110.0,439.0,train
22616,2011-01-17,85,101.0,408.5,train
22616,2011-01-24,169,85.0,74.0,train
22616,2011-01-31,968,169.0,116.25,train
22616,2011-02-07,611,968.0,330.75,train
22616,2011-02-14,1014,611.0,458.25,train
22616,2011-02-21,118,1014.0,690.5,train
22616,2011-02-28,122,118.0,677.75,train
22616,2011-03-07,1420,122.0,466.25,train
22616,2011-03-14,1456,1420.0,668.5,train
22616,2011-03-21,134,1456.0,779.0,train
22616,2011-03-28,1432,134.0,783.0,train
22616,2011-04-04,610,1432.0,1110.5,train
22616,2011-04-11,402,610.0,908.0,train
22616,2011-04-18,93,402.0,644.5,train
22616,2011-04-25,216,93.0,634.25,train
22616,2011-05-02,128,216.0,330.25,train
22616,2011-05-09,130,128.0,209.75,train
22616,2011-05-16,1120,130.0,141.75,train
22616,2011-05-23,84,1120.0,398.5,train
22616,2011-05-30,80,84.0,365.5,train
22616,2011-06-06,46,80.0,353.5,train
22616,2011-06-13,1512,46.0,332.5,train
22616,2011-06-20,280,1512.0,430.5,train
22616,2011-06-27,537,280.0,479.5,train
22616,2011-07-04,75,537.0,593.75,train
22616,2011-07-11,78,75.0,601.0,train
22616,2011-07-18,936,78.0,242.5,validation
22616,2011-07-25,172,936.0,406.5,validation
22616,2011-08-01,1715,172.0,315.25,validation
22616,2011-08-08,138,1715.0,725.25,validation
22616,2011-08-15,149,138.0,740.25,validation
22616,2011-08-22,413,149.0,543.5,validation
22616,2011-08-29,485,413.0,603.75,validation
22616,2011-09-05,76,485.0,296.25,validation
22616,2011-09-12,200,76.0,280.75,test
22616,2011-09-19,291,200.0,293.5,test
22616,2011-09-26,577,291.0,263.0,test
22616,2011-10-03,525,577.0,286.0,test
22616,2011-10-10,65,525.0,398.25,test
22616,2011-10-17,666,65.0,364.5,test
22616,2011-10-24,293,666.0,458.25,test
22616,2011-10-31,702,293.0,387.25,test
22616,2011-11-07,254,702.0,431.5,test
22616,2011-11-14,1351,254.0,478.75,test
22616,2011-11-21,101,1351.0,650.0,test
22616,2011-11-28,636,101.0,602.0,test
22693,2010-12-06,24,,,train
22693,2010-12-13,2569,24.0,,train
22693,2010-12-20,24,2569.0,,train
22693,2010-12-27,0,24.0,,train
22693,2011-01-03,72,0.0,654.25,train
22693,2011-01-10,192,72.0,666.25,train
22693,2011-01-17,72,192.0,72.0,train
22693,2011-01-24,120,72.0,84.0,train
22693,2011-01-31,48,120.0,114.0,train
22693,2011-02-07,2451,48.0,108.0,train
22693,2011-02-14,1152,2451.0,672.75,train
22693,2011-02-21,120,1152.0,942.75,train
22693,2011-02-28,72,120.0,942.75,train
22693,2011-03-07,96,72.0,948.75,train
22693,2011-03-14,240,96.0,360.0,train
22693,2011-03-21,120,240.0,132.0,train
22693,2011-03-28,1128,120.0,132.0,train
22693,2011-04-04,146,1128.0,396.0,train
22693,2011-04-11,1369,146.0,408.5,train
22693,2011-04-18,158,1369.0,690.75,train
22693,2011-04-25,72,158.0,700.25,train
22693,2011-05-02,243,72.0,436.25,train
22693,2011-05-09,144,243.0,460.5,train
22693,2011-05-16,217,144.0,154.25,train
22693,2011-05-23,174,217.0,169.0,train
22693,2011-05-30,148,174.0,194.5,train
22693,2011-06-06,48,148.0,170.75,train
22693,2011-06-13,121,48.0,146.75,train
22693,2011-06-20,744,121.0,122.75,train
22693,2011-06-27,124,744.0,265.25,train
22693,2011-07-04,216,124.0,259.25,train
22693,2011-07-11,96,216.0,301.25,train
22693,2011-07-18,72,96.0,295.0,validation
22693,2011-07-25,626,72.0,127.0,validation
22693,2011-08-01,121,626.0,252.5,validation
22693,2011-08-08,121,121.0,228.75,validation
22693,2011-08-15,24,121.0,235.0,validation
22693,2011-08-22,48,24.0,223.0,validation
22693,2011-08-29,1,48.0,78.5,validation
22693,2011-09-05,216,1.0,48.5,validation
22693,2011-09-12,2,216.0,72.25,test
22693,2011-09-19,102,2.0,66.75,test
22693,2011-09-26,97,102.0,80.25,test
22693,2011-10-03,125,97.0,104.25,test
22693,2011-10-10,148,125.0,81.5,test
22693,2011-10-17,264,148.0,118.0,test
22693,2011-10-24,363,264.0,158.5,test
22693,2011-10-31,221,363.0,225.0,test
22693,2011-11-07,299,221.0,249.0,test
22693,2011-11-14,216,299.0,286.75,test
22693,2011-11-21,64,216.0,274.75,test
22693,2011-11-28,363,64.0,200.0,test
47566,2010-12-06,165,,,train
47566,2010-12-13,29,165.0,,train
47566,2010-12-20,24,29.0,,train
47566,2010-12-27,0,24.0,,train
47566,2011-01-03,145,0.0,54.5,train
47566,2011-01-10,85,145.0,49.5,train
47566,2011-01-17,69,85.0,63.5,train
47566,2011-01-24,171,69.0,74.75,train
47566,2011-01-31,232,171.0,117.5,train
47566,2011-02-07,292,232.0,139.25,train
47566,2011-02-14,189,292.0,191.0,train
47566,2011-02-21,157,189.0,221.0,train
47566,2011-02-28,255,157.0,217.5,train
47566,2011-03-07,205,255.0,223.25,train
47566,2011-03-14,606,205.0,201.5,train
47566,2011-03-21,325,606.0,305.75,train
47566,2011-03-28,376,325.0,347.75,train
47566,2011-04-04,460,376.0,378.0,train
47566,2011-04-11,542,460.0,441.75,train
47566,2011-04-18,648,542.0,425.75,train
47566,2011-04-25,276,648.0,506.5,train
47566,2011-05-02,984,276.0,481.5,train
47566,2011-05-09,756,984.0,612.5,train
47566,2011-05-16,754,756.0,666.0,train
47566,2011-05-23,839,754.0,692.5,train
47566,2011-05-30,434,839.0,833.25,train
47566,2011-06-06,663,434.0,695.75,train
47566,2011-06-13,507,663.0,672.5,train
47566,2011-06-20,598,507.0,610.75,train
47566,2011-06-27,276,598.0,550.5,train
47566,2011-07-04,901,276.0,511.0,train
47566,2011-07-11,354,901.0,570.5,train
47566,2011-07-18,935,354.0,532.25,validation
47566,2011-07-25,520,935.0,616.5,validation
47566,2011-08-01,431,520.0,677.5,validation
47566,2011-08-08,330,431.0,560.0,validation
47566,2011-08-15,402,330.0,554.0,validation
47566,2011-08-22,471,402.0,420.75,validation
47566,2011-08-29,207,471.0,408.5,validation
47566,2011-09-05,300,207.0,352.5,validation
47566,2011-09-12,334,300.0,345.0,test
47566,2011-09-19,158,334.0,328.0,test
47566,2011-09-26,209,158.0,249.75,test
47566,2011-10-03,183,209.0,250.25,test
47566,2011-10-10,106,183.0,221.0,test
47566,2011-10-17,211,106.0,164.0,test
47566,2011-10-24,78,211.0,177.25,test
47566,2011-10-31,102,78.0,144.5,test
47566,2011-11-07,135,102.0,124.25,test
47566,2011-11-14,218,135.0,131.5,test
47566,2011-11-21,455,218.0,133.25,test
47566,2011-11-28,105,455.0,227.5,test
84077,2010-12-06,513,,,train
84077,2010-12-13,1173,513.0,,train
84077,2010-12-20,100,1173.0,,train
84077,2010-12-27,0,100.0,,train
84077,2011-01-03,625,0.0,446.5,train
84077,2011-01-10,289,625.0,474.5,train
84077,2011-01-17,0,289.0,253.5,train
84077,2011-01-24,530,0.0,228.5,train
84077,2011-01-31,2837,530.0,361.0,train
84077,2011-02-07,48,2837.0,914.0,train
84077,2011-02-14,424,48.0,853.75,train
84077,2011-02-21,257,424.0,959.75,train
84077,2011-02-28,1680,257.0,891.5,train
84077,2011-03-07,1200,1680.0,602.25,train
84077,2011-03-14,480,1200.0,890.25,train
84077,2011-03-21,192,480.0,904.25,train
84077,2011-03-28,3216,192.0,888.0,train
84077,2011-04-04,392,3216.0,1272.0,train
84077,2011-04-11,2448,392.0,1070.0,train
84077,2011-04-18,1927,2448.0,1562.0,train
84077,2011-04-25,2592,1927.0,1995.75,train
84077,2011-05-02,917,2592.0,1839.75,train
84077,2011-05-09,1248,917.0,1971.0,train
84077,2011-05-16,1008,1248.0,1671.0,train
84077,2011-05-23,576,1008.0,1441.25,train
84077,2011-05-30,1445,576.0,937.25,train
84077,2011-06-06,480,1445.0,1069.25,train
84077,2011-06-13,145,480.0,877.25,train
84077,2011-06-20,961,145.0,661.5,train
84077,2011-06-27,291,961.0,757.75,train
84077,2011-07-04,1109,291.0,469.25,train
84077,2011-07-11,1104,1109.0,626.5,train
84077,2011-07-18,726,1104.0,866.25,validation
84077,2011-07-25,823,726.0,807.5,validation
84077,2011-08-01,98,823.0,940.5,validation
84077,2011-08-08,577,98.0,687.75,validation
84077,2011-08-15,528,577.0,556.0,validation
84077,2011-08-22,1056,528.0,506.5,validation
84077,2011-08-29,290,1056.0,564.75,validation
84077,2011-09-05,432,290.0,612.75,validation
84077,2011-09-12,1296,432.0,576.5,test
84077,2011-09-19,587,1296.0,768.5,test
84077,2011-09-26,1008,587.0,651.25,test
84077,2011-10-03,989,1008.0,830.75,test
84077,2011-10-10,730,989.0,970.0,test
84077,2011-10-17,975,730.0,828.5,test
84077,2011-10-24,5328,975.0,925.5,test
84077,2011-10-31,974,5328.0,2005.5,test
84077,2011-11-07,1167,974.0,2001.75,test
84077,2011-11-14,1170,1167.0,2111.0,test
84077,2011-11-21,915,1170.0,2159.75,test
84077,2011-11-28,689,915.0,1056.5,test
84755,2010-12-06,144,,,train
84755,2010-12-13,160,144.0,,train
84755,2010-12-20,8,160.0,,train
84755,2010-12-27,0,8.0,,train
84755,2011-01-03,232,0.0,78.0,train
84755,2011-01-10,56,232.0,100.0,train
84755,2011-01-17,216,56.0,74.0,train
84755,2011-01-24,92,216.0,126.0,train
84755,2011-01-31,48,92.0,149.0,train
84755,2011-02-07,208,48.0,103.0,train
84755,2011-02-14,176,208.0,141.0,train
84755,2011-02-21,297,176.0,131.0,train
84755,2011-02-28,164,297.0,182.25,train
84755,2011-03-07,472,164.0,211.25,train
84755,2011-03-14,172,472.0,277.25,train
84755,2011-03-21,264,172.0,276.25,train
84755,2011-03-28,150,264.0,268.0,train
84755,2011-04-04,236,150.0,264.5,train
84755,2011-04-11,632,236.0,205.5,train
84755,2011-04-18,604,632.0,320.5,train
84755,2011-04-25,298,604.0,405.5,train
84755,2011-05-02,792,298.0,442.5,train
84755,2011-05-09,724,792.0,581.5,train
84755,2011-05-16,722,724.0,604.5,train
84755,2011-05-23,676,722.0,634.0,train
84755,2011-05-30,496,676.0,728.5,train
84755,2011-06-06,572,496.0,654.5,train
84755,2011-06-13,632,572.0,616.5,train
84755,2011-06-20,196,632.0,594.0,train
84755,2011-06-27,520,196.0,474.0,train
84755,2011-07-04,496,520.0,480.0,train
84755,2011-07-11,332,496.0,461.0,train
84755,2011-07-18,520,332.0,386.0,validation
84755,2011-07-25,306,520.0,467.0,validation
84755,2011-08-01,228,306.0,413.5,validation
84755,2011-08-08,688,228.0,346.5,validation
84755,2011-08-15,204,688.0,435.5,validation
84755,2011-08-22,464,204.0,356.5,validation
84755,2011-08-29,272,464.0,396.0,validation
84755,2011-09-05,380,272.0,407.0,validation
84755,2011-09-12,392,380.0,330.0,test
84755,2011-09-19,244,392.0,377.0,test
84755,2011-09-26,48,244.0,322.0,test
84755,2011-10-03,288,48.0,266.0,test
84755,2011-10-10,64,288.0,243.0,test
84755,2011-10-17,196,64.0,161.0,test
84755,2011-10-24,112,196.0,149.0,test
84755,2011-10-31,108,112.0,165.0,test
84755,2011-11-07,324,108.0,120.0,test
84755,2011-11-14,152,324.0,185.0,test
84755,2011-11-21,348,152.0,174.0,test
84755,2011-11-28,40,348.0,233.0,test
84879,2010-12-06,789,,,train
84879,2010-12-13,638,789.0,,train
84879,2010-12-20,40,638.0,,train
84879,2010-12-27,0,40.0,,train
84879,2011-01-03,480,0.0,366.75,train
84879,2011-01-10,442,480.0,289.5,train
84879,2011-01-17,139,442.0,240.5,train
84879,2011-01-24,344,139.0,265.25,train
84879,2011-01-31,937,344.0,351.25,train
84879,2011-02-07,160,937.0,465.5,train
84879,2011-02-14,588,160.0,395.0,train
84879,2011-02-21,328,588.0,507.25,train
84879,2011-02-28,213,328.0,503.25,train
84879,2011-03-07,642,213.0,322.25,train
84879,2011-03-14,968,642.0,442.75,train
84879,2011-03-21,391,968.0,537.75,train
84879,2011-03-28,585,391.0,553.5,train
84879,2011-04-04,753,585.0,646.5,train
84879,2011-04-11,815,753.0,674.25,train
84879,2011-04-18,612,815.0,636.0,train
84879,2011-04-25,264,612.0,691.25,train
84879,2011-05-02,594,264.0,611.0,train
84879,2011-05-09,1201,594.0,571.25,train
84879,2011-05-16,595,1201.0,667.75,train
84879,2011-05-23,565,595.0,663.5,train
84879,2011-05-30,384,565.0,738.75,train
84879,2011-06-06,292,384.0,686.25,train
84879,2011-06-13,446,292.0,459.0,train
84879,2011-06-20,270,446.0,421.75,train
84879,2011-06-27,292,270.0,348.0,train
84879,2011-07-04,460,292.0,325.0,train
84879,2011-07-11,372,460.0,367.0,train
84879,2011-07-18,519,372.0,348.5,validation
84879,2011-07-25,478,519.0,410.75,validation
84879,2011-08-01,3800,478.0,457.25,validation
84879,2011-08-08,1323,3800.0,1292.25,validation
84879,2011-08-15,556,1323.0,1530.0,validation
84879,2011-08-22,850,556.0,1539.25,validation
84879,2011-08-29,216,850.0,1632.25,validation
84879,2011-09-05,488,216.0,736.25,validation
84879,2011-09-12,908,488.0,527.5,test
84879,2011-09-19,701,908.0,615.5,test
84879,2011-09-26,799,701.0,578.25,test
84879,2011-10-03,589,799.0,724.0,test
84879,2011-10-10,420,589.0,749.25,test
84879,2011-10-17,829,420.0,627.25,test
84879,2011-10-24,778,829.0,659.25,test
84879,2011-10-31,968,778.0,654.0,test
84879,2011-11-07,1748,968.0,748.75,test
84879,2011-11-14,1326,1748.0,1080.75,test
84879,2011-11-21,1037,1326.0,1205.0,test
84879,2011-11-28,953,1037.0,1269.75,test
84991,2010-12-06,266,,,train
84991,2010-12-13,429,266.0,,train
84991,2010-12-20,607,429.0,,train
84991,2010-12-27,0,607.0,,train
84991,2011-01-03,170,0.0,325.5,train
84991,2011-01-10,294,170.0,301.5,train
84991,2011-01-17,274,294.0,267.75,train
84991,2011-01-24,172,274.0,184.5,train
84991,2011-01-31,385,172.0,227.5,train
84991,2011-02-07,83,385.0,281.25,train
84991,2011-02-14,259,83.0,228.5,train
84991,2011-02-21,194,259.0,224.75,train
84991,2011-02-28,134,194.0,230.25,train
84991,2011-03-07,598,134.0,167.5,train
84991,2011-03-14,538,598.0,296.25,train
84991,2011-03-21,239,538.0,366.0,train
84991,2011-03-28,736,239.0,377.25,train
84991,2011-04-04,271,736.0,527.75,train
84991,2011-04-11,477,271.0,446.0,train
84991,2011-04-18,1182,477.0,430.75,train
84991,2011-04-25,246,1182.0,666.5,train
84991,2011-05-02,265,246.0,544.0,train
84991,2011-05-09,532,265.0,542.5,train
84991,2011-05-16,232,532.0,556.25,train
84991,2011-05-23,301,232.0,318.75,train
84991,2011-05-30,136,301.0,332.5,train
84991,2011-06-06,90,136.0,300.25,train
84991,2011-06-13,304,90.0,189.75,train
84991,2011-06-20,94,304.0,207.75,train
84991,2011-06-27,185,94.0,156.0,train
84991,2011-07-04,645,185.0,168.25,train
84991,2011-07-11,133,645.0,307.0,train
84991,2011-07-18,124,133.0,264.25,validation
84991,2011-07-25,402,124.0,271.75,validation
84991,2011-08-01,248,402.0,326.0,validation
84991,2011-08-08,340,248.0,226.75,validation
84991,2011-08-15,648,340.0,278.5,validation
84991,2011-08-22,155,648.0,409.5,validation
84991,2011-08-29,141,155.0,347.75,validation
84991,2011-09-05,910,141.0,321.0,validation
84991,2011-09-12,733,910.0,463.5,test
84991,2011-09-19,426,733.0,484.75,test
84991,2011-09-26,220,426.0,552.5,test
84991,2011-10-03,157,220.0,572.25,test
84991,2011-10-10,193,157.0,384.0,test
84991,2011-10-17,729,193.0,249.0,test
84991,2011-10-24,440,729.0,324.75,test
84991,2011-10-31,263,440.0,379.75,test
84991,2011-11-07,197,263.0,406.25,test
84991,2011-11-14,547,197.0,407.25,test
84991,2011-11-21,360,547.0,361.75,test
84991,2011-11-28,136,360.0,341.75,test
85099B,2010-12-06,852,,,train
85099B,2010-12-13,427,852.0,,train
85099B,2010-12-20,180,427.0,,train
85099B,2010-12-27,0,180.0,,train
85099B,2011-01-03,1374,0.0,364.75,train
85099B,2011-01-10,225,1374.0,495.25,train
85099B,2011-01-17,594,225.0,444.75,train
85099B,2011-01-24,502,594.0,548.25,train
85099B,2011-01-31,965,502.0,673.75,train
85099B,2011-02-07,288,965.0,571.5,train
85099B,2011-02-14,985,288.0,587.25,train
85099B,2011-02-21,810,985.0,685.0,train
85099B,2011-02-28,624,810.0,762.0,train
85099B,2011-03-07,738,624.0,676.75,train
85099B,2011-03-14,1546,738.0,789.25,train
85099B,2011-03-21,1379,1546.0,929.5,train
85099B,2011-03-28,1103,1379.0,1071.75,train
85099B,2011-04-04,975,1103.0,1191.5,train
85099B,2011-04-11,616,975.0,1250.75,train
85099B,2011-04-18,549,616.0,1018.25,train
85099B,2011-04-25,385,549.0,810.75,train
85099B,2011-05-02,380,385.0,631.25,train
85099B,2011-05-09,1206,380.0,482.5,train
85099B,2011-05-16,978,1206.0,630.0,train
85099B,2011-05-23,933,978.0,737.25,train
85099B,2011-05-30,273,933.0,874.25,train
85099B,2011-06-06,883,273.0,847.5,train
85099B,2011-06-13,959,883.0,766.75,train
85099B,2011-06-20,841,959.0,762.0,train
85099B,2011-06-27,815,841.0,739.0,train
85099B,2011-07-04,1364,815.0,874.5,train
85099B,2011-07-11,431,1364.0,994.75,train
85099B,2011-07-18,733,431.0,862.75,validation
85099B,2011-07-25,540,733.0,835.75,validation
85099B,2011-08-01,1050,540.0,767.0,validation
85099B,2011-08-08,1373,1050.0,688.5,validation
85099B,2011-08-15,1356,1373.0,924.0,validation
85099B,2011-08-22,1518,1356.0,1079.75,validation
85099B,2011-08-29,717,1518.0,1324.25,validation
85099B,2011-09-05,556,717.0,1241.0,validation
85099B,2011-09-12,743,556.0,1036.75,test
85099B,2011-09-19,1667,743.0,883.5,test
85099B,2011-09-26,929,1667.0,920.75,test
85099B,2011-10-03,2709,929.0,973.75,test
85099B,2011-10-10,947,2709.0,1512.0,test
85099B,2011-10-17,1045,947.0,1563.0,test
85099B,2011-10-24,600,1045.0,1407.5,test
85099B,2011-10-31,1063,600.0,1325.25,test
85099B,2011-11-07,2200,1063.0,913.75,test
85099B,2011-11-14,1602,2200.0,1227.0,test
85099B,2011-11-21,753,1602.0,1366.25,test
85099B,2011-11-28,1050,753.0,1404.5,test
85099F,2010-12-06,151,,,train
85099F,2010-12-13,228,151.0,,train
85099F,2010-12-20,8,228.0,,train
85099F,2010-12-27,0,8.0,,train
85099F,2011-01-03,684,0.0,96.75,train
85099F,2011-01-10,341,684.0,230.0,train
85099F,2011-01-17,269,341.0,258.25,train
85099F,2011-01-24,93,269.0,323.5,train
85099F,2011-01-31,381,93.0,346.75,train
85099F,2011-02-07,70,381.0,271.0,train
85099F,2011-02-14,248,70.0,203.25,train
85099F,2011-02-21,276,248.0,198.0,train
85099F,2011-02-28,285,276.0,243.75,train
85099F,2011-03-07,401,285.0,219.75,train
85099F,2011-03-14,1012,401.0,302.5,train
85099F,2011-03-21,676,1012.0,493.5,train
85099F,2011-03-28,742,676.0,593.5,train
85099F,2011-04-04,266,742.0,707.75,train
85099F,2011-04-11,166,266.0,674.0,train
85099F,2011-04-18,6,166.0,462.5,train
85099F,2011-04-25,100,6.0,295.0,train
85099F,2011-05-02,0,100.0,134.5,train
85099F,2011-05-09,428,0.0,68.0,train
85099F,2011-05-16,142,428.0,133.5,train
85099F,2011-05-23,423,142.0,167.5,train
85099F,2011-05-30,407,423.0,248.25,train
85099F,2011-06-06,433,407.0,350.0,train
85099F,2011-06-13,234,433.0,351.25,train
85099F,2011-06-20,605,234.0,374.25,train
85099F,2011-06-27,351,605.0,419.75,train
85099F,2011-07-04,513,351.0,405.75,train
85099F,2011-07-11,29,513.0,425.75,train
85099F,2011-07-18,140,29.0,374.5,validation
85099F,2011-07-25,434,140.0,258.25,validation
85099F,2011-08-01,547,434.0,279.0,validation
85099F,2011-08-08,320,547.0,287.5,validation
85099F,2011-08-15,328,320.0,360.25,validation
85099F,2011-08-22,872,328.0,407.25,validation
85099F,2011-08-29,278,872.0,516.75,validation
85099F,2011-09-05,189,278.0,449.5,validation
85099F,2011-09-12,302,189.0,416.75,test
85099F,2011-09-19,579,302.0,410.25,test
85099F,2011-09-26,206,579.0,337.0,test
85099F,2011-10-03,1172,206.0,319.0,test
85099F,2011-10-10,171,1172.0,564.75,test
85099F,2011-10-17,433,171.0,532.0,test
85099F,2011-10-24,30,433.0,495.5,test
85099F,2011-10-31,203,30.0,451.5,test
85099F,2011-11-07,311,203.0,209.25,test
85099F,2011-11-14,196,311.0,244.25,test
85099F,2011-11-21,52,196.0,185.0,test
85099F,2011-11-28,436,52.0,190.5,test
85123A,2010-12-06,1045,,,train
85123A,2010-12-13,1524,1045.0,,train
85123A,2010-12-20,197,1524.0,,train
85123A,2010-12-27,0,197.0,,train
85123A,2011-01-03,973,0.0,691.5,train
85123A,2011-01-10,3329,973.0,673.5,train
85123A,2011-01-17,661,3329.0,1124.75,train
85123A,2011-01-24,541,661.0,1240.75,train
85123A,2011-01-31,586,541.0,1376.0,train
85123A,2011-02-07,517,586.0,1279.25,train
85123A,2011-02-14,365,517.0,576.25,train
85123A,2011-02-21,401,365.0,502.25,train
85123A,2011-02-28,380,401.0,467.25,train
85123A,2011-03-07,454,380.0,415.75,train
85123A,2011-03-14,464,454.0,400.0,train
85123A,2011-03-21,365,464.0,424.75,train
85123A,2011-03-28,582,365.0,415.75,train
85123A,2011-04-04,374,582.0,466.25,train
85123A,2011-04-11,474,374.0,446.25,train
85123A,2011-04-18,2422,474.0,448.75,train
85123A,2011-04-25,375,2422.0,963.0,train
85123A,2011-05-02,1144,375.0,911.25,train
85123A,2011-05-09,873,1144.0,1103.75,train
85123A,2011-05-16,783,873.0,1203.5,train
85123A,2011-05-23,1026,783.0,793.75,train
85123A,2011-05-30,628,1026.0,956.5,train
85123A,2011-06-06,389,628.0,827.5,train
85123A,2011-06-13,389,389.0,706.5,train
85123A,2011-06-20,236,389.0,608.0,train
85123A,2011-06-27,258,236.0,410.5,train
85123A,2011-07-04,258,258.0,318.0,train
85123A,2011-07-11,1195,258.0,285.25,train
85123A,2011-07-18,719,1195.0,486.75,validation
85123A,2011-07-25,780,719.0,607.5,validation
85123A,2011-08-01,441,780.0,738.0,validation
85123A,2011-08-08,466,441.0,783.75,validation
85123A,2011-08-15,296,466.0,601.5,validation
85123A,2011-08-22,772,296.0,495.75,validation
85123A,2011-08-29,394,772.0,493.75,validation
85123A,2011-09-05,440,394.0,482.0,validation
85123A,2011-09-12,658,440.0,475.5,test
85123A,2011-09-19,705,658.0,566.0,test
85123A,2011-09-26,402,705.0,549.25,test
85123A,2011-10-03,165,402.0,551.25,test
85123A,2011-10-10,679,165.0,482.5,test
85123A,2011-10-17,231,679.0,487.75,test
85123A,2011-10-24,444,231.0,369.25,test
85123A,2011-10-31,1704,444.0,379.75,test
85123A,2011-11-07,575,1704.0,764.5,test
85123A,2011-11-14,1322,575.0,738.5,test
85123A,2011-11-21,898,1322.0,1011.25,test
85123A,2011-11-28,726,898.0,1124.75,test
